Username;Password;Email;PhoneNumber;Cpr-number;Creditcard
hBEbmvrfXXlc;_dRNUa2d_yGiMa6Zk;$/r~@xx9k0.bcn;37559851;2001012412;9508 6439 8060 0336
RnLbhæoyDAlc;$S´+7z/^£yJ>ø}ÅxT;KQqr@xohzw.xn--54b7fta0cc;80520359;1512343062;4324 4904 9250 3423
ERRmÅæåkxuuo;å*r£EALk.=dLé_*M-;wF58@s924f.repair;94794042;0208504444;7167 3382 2116 2249
NmffJcPciIlJ;$PUX,5+Lv4mUPqisL;31y @3nc-i.sz;46767490;1605999600;6371 7159 7645 3978
nÅrøhdDpEøsE;UC(>z7{-.{opEtlC-;)'´&@uynj..ec;76048771;2909275906;0498 9871 7523 9924
BgmqnlUÆPvAL;6y_O~ådd.{2#C>LØ£;#Z/D@4naål.flights;67477171;0610274234;3042 4294 8501 2284
hAiXMPØKofLS;8mrz?ozæcBzehd>ØQ;V2/f@lhrx3.barefoot;16559518;0207444146;9552 4055 3234 1685
bPnoVGZOxZcb;+péVE)UPqJ>!(Hu:0;eOUI@64øjo.mn;97843249;1712537236;8408 1218 5563 4809
cFIØSaoiPkpb;(LZ ruDy%kbm?m6m3;c&7i@zm3py.weather;60384743;2205711999;0099 1017 9081 5316
clÆSWWywMkxÅ;I1Æ<VG#Xåuy?t9Æe';øfø/@1av3f.gy;41640003;2306846925;0237 3368 7864 0328
HkuXLGNXtXCG;$`oWgzb|2Xusr3'CR;tbéS@tdrør.xn--kprw13d;23668517;0310451916;7703 1410 1056 5320
KdYJIHlQæBÆB;H´ E/KUveoé:X1OJé;o-'B@18åi8.sg;63178640;2108375046;5597 3043 0209 2948
pyEvLdsmbøQv;n.q4 lQk3/<b.,|´h;FsQU@dwg2g.ist;78184817;1912988038;1692 5044 2124 9186
YmNRZNPfNHUP;L'gl=IøWFEM£r,waN;~dKQ@sø4-1.call;82584383;1303485380;3873 5360 4482 6924
NCaMAæMsqYIR;!%j#IJ?^ÅpG 9:H-F;RÅtg@q4j8o.llc;64982522;0207414212;2195 7641 0502 1761
WSøvatFPSoeo;  +EDR`EF0R!QQdC~;AcDa@hlr-h.xn--80asehdb;18810422;1308330610;7804 6174 4879 8755
YSeGHnfjnhdM;FBgUsHm^Nl$*4åLM%;Ø-Nj@jcfz0.call;86462306;2910138840;5176 1381 8035 1391
tpMøcvrHSEKi;IrOtÅÅ6Ø)|Fu#^7dP;yr|i@u95...dubai;30082732;0510821475;5472 6817 3940 6283
ptnÆsLIYqOoM;æ+FQ+:Æuc=æYXI´W+;EOcQ@-å-zu.edeka;01849889;1005003179;7560 0054 8803 2042
tcAåznMjDmfk;BÅf~}yCb$e>w ?:kb;{e4?@4yl9y.ua;94711080;0712973110;2688 9084 4123 1105
øNdæYgølæmDN;ØØ4FxtSæ~e Æm-R3(;=å'}@ud70-.int;64835538;0307364301;1870 8700 0949 6549
ØIZnæpØLxnSi;aB**JVÅ+Åk+Q_mWaZ;7zQB@2mri..yun;96288918;1911212923;0762 2718 6308 7982
lLzgTcrwoHxD;+P!ié4*APe`-'£2>b;L|GÆ@xbb0x.pe;54961018;0208616447;8329 0448 7250 5453
bdOnGXDGMNzr;D)VØ{&IieUX*/}IxL;ØX$}@p.8tf.gal;54424681;1101782120;5971 3771 7833 9789
VLpÆCnlGZoZP;qåøK*C9H.UYøE&T9j;ewtd@øi3åa.ltda;12370010;1903525734;0101 1608 1537 7056
OYØGkOqXaUDU;s£vKH=7$Z=M'éCf7';h&7=@ykgå-.vision;06675849;1208860417;2972 9662 3648 6791
RQtZEHNxAbvk;tHKø0Åu.Ze|U1æY(e;bzUÅ@8apey.ga;45340579;2304847991;4361 1534 6076 3065
VJÆiboFYNJSO;LØ*'eOé?iH>ILKéu5;u&bR@b9-.c.swatch;61077419;1806334517;4671 1931 1570 0752
iFlrWElyVnWx;8sLlq1s= ååNg(U´);x}8)@7eø5w.amex;26757379;0203987803;6637 8543 1738 6033
KXjMZmpfBPbÅ;=8HMlW?!UHKKKx^sl;cgtB@fz40k.vision;09274844;2803351697;5328 0254 8236 1830
abbyZbæKyWdÅ;O~D*JTp-!1øebtsl';k?1Q@xvarf.monster;47562542;1607476558;8947 6121 1985 6459
øYAUøLWXbzbS;P.E$v%lvnU%FBø~7+;q ÆC@qmidh.sakura;39078027;1210850151;9784 1763 1505 4196
FNwyTOOålEEx;Q1£Hå~}n!Iz#x>åd}; gym@wf-o..il;58178493;1807345466;2362 7684 5883 9635
FEpwNrPjtHmS;gIu=QhSDZMm|Ån&Eø;:{=n@øzjre.za;62414749;1104290740;6029 0136 9207 3402
ZyONÅFCbhEGU;o}7yciæFgOm|%fkd5;S:9X@3læzs.af;43533343;1001398381;2805 9744 7317 1203
hWiqBÅHtwLvÆ;(vr&£4e-s.EépoEæØ;h>=!@t-rf0.gov;03178617;2206324107;7769 9361 8190 3476
eMifEtNWcWYK;HX4_-=?W&1AC+^qZj;~Øu(@gq-k4.xn--fjq720a;26521246;0204212481;0088 7467 7019 4317
lRXjmrÅVxrØj;06J:11MyF_EsC1:i~;kQ}!@ø2wqi.ve;39400006;2008954863;0230 4002 9268 8671
vSdzaGvEhÅøX;SS$<dK,kDE'WOd~QU;i'L&@v0tc5.microsoft;92447828;1408790758;9803 5238 6074 3939
CiioYmRJgIQb;FkÆMéå4BF%bTI-FiR;VnAS@was.r.xn--qcka1pmc;10443136;1204861249;8363 2295 7128 9864
æIbjVoZVBNPz;ø-g?4ai)fHY'Ss^pÆ;0$ch@5fxwc.wedding;12564486;1310685557;2290 9949 3788 0380
VUaMaATÆVJYk;&GQCWp&VW}´'t1&iZ;QfSo@føvpd.gripe;61661281;0108411902;3366 5327 2119 8186
MtfocmZwNGgd;$W3{E(é&#å_.L´!g ;M1øo@zlø5f.news;00035492;1601255312;8569 0882 0280 2195
hNGåhpyØExåk;=Qp:y^Ks,-3qu!æFj;_:C£@møtmj.kfh;84501321;1001105732;4066 9512 3982 6155
gWBMBHbGdVEu;%c`9^_n7_L>&p<i`#;kOfJ@71h9z.locus;42885494;0806844608;9370 8997 0892 0272
mjYIgpQHlLgw;Pæc>AjIwGé%zQrL~b;5F~V@j9ng8.fj;73122850;0803460710;5427 3591 0547 4913
UWCCØævÆEcAU;VøhFæ9wÆEk?SiYOhÅ;n)q=@t1qbx.biz;50624464;1306297704;8570 6069 2905 0844
TaTFKNqLuvGK;1Okpg!to+C^?3GJ+y;Y7TÅ@a0kw4.mini;34866997;0101515559;3960 6888 5749 4045
KXhcHiKlasåX;V>wnSzB?>j|i}r) M;P{sM@ptus7.property;42119768;0909366682;2470 4633 5947 6188
jSlKIomUiååP;Dr!RS-Ki8U{_r3bØ?;9%C^@w3bbc.zip;13686648;2608650035;5986 2284 9100 1908
GroNvXdXJdRZ;m´fhI|rLo|gr`l0l);9zTé@73dj..analytics;00418685;2604871720;3306 5060 8930 2344
HÅKØjCmøxYse;`1ø41xec=K{P.Y{hH;Gc/r@t1oæ8.omega;44915650;0202512836;2897 6688 8312 9672
otCLCQwZNmSø;-9&QI7Iæ!´)a)pdX!;å`Rq@kg-2i.travelchannel;71586592;1404218359;9921 8375 4996 7875
EWWAIæUøøwqH;piIF`å1Y-z£ue$EEG;æ 8W@1-460.travelersinsurance;12868383;2705626815;7799 0021 6472 1065
XeøtCxKdjlWK;ÅZ_X*OFJZhx.D.ø3~;lpTk@..ahe.zuerich;36123024;0807031899;4587 4654 0338 9189
mYOLazxPGQEU;5´{nu-JabS=GvL/Pj;$bl_@ty9yd.dm;03559797;0405371650;2215 8215 2086 6100
xGOyfyØdFrØz;v|==1B4V!8|1O/a=';'%qk@må3øv.shangrila;13646893;0708055590;9433 2704 1073 4939
ROzTrsxpCKnø;R£~*y$é'ø73!IXåZo;TVJb@cket5.cg;28355384;2307801976;1072 1911 2559 6914
WæjBhØlOpwne;q(>`(b(-£WyO'B9fD;Vrr4@qcwq-.trust;93351619;0907229319;9099 5344 0354 6814
DpAUæneIsdkD;£T{d5F9klfz7Md?)Q;~E$A@re0g1.creditunion;90277863;0312700069;5479 2762 2813 0032
leujoogSWeIx;(o5sT(moDz{9JfNC};éoxé@s1olk.circle;51089826;2512148916;4125 2747 7317 9058
MdwIteADYFnT;}7Æ<C£4BS_yØ=v>P};K_,n@æipyå.bio;07872378;0611458568;7358 8605 8350 3545
nboAxeWnvHVÆ;iÆa'#jEjo+)~/jR+g; t7{@gmc1z.villas;86740385;1011084547;3744 1696 9474 2391
IIæMfDnYicJK;æ~_)dZÆ0^5e0B>1c6;Nljq@ækzx4.xn--s9brj9c;26516641;1103854632;8085 9204 0590 5066
pkGpheGnybRm;3%i/ÆOj`æ!Ep8$bHO;%0Lo@aøem4.ntt;38900363;0307022192;9782 5095 2549 8013
QbANvCWzZtaO;1)#b_jiWldtgY%7åo;C-uS@9d65n.download;78274854;0111969868;0315 2376 7395 0322
ulTDøøVCjVbS;)w)5_Ibc%U>-Ø,cPf;xKDå@1i.tz.shia;74360866;2609182396;0344 0966 9117 2532
mpØæCøEEsØZf;6æ%vb$yRa'^£pVyS?;0f:M@iø7g5.kddi;75908843;1408308581;7849 6745 7866 8701
PMZÅKdnWoWlq;øQcjQa}1é,6PkxNng;HE D@suk-p.edeka;10158813;0806206512;7586 7187 6754 3931
æWNWåvdQAEhu; |&3epæ2{>Ké#nPrn;n4h´@.ax86.lighting;22870766;2811674152;5601 9220 7311 9617
IyXXVnåtxIdU;Åæ>X?FsogtÆMGP }!;v-Gt@a2q04.dds;96365573;1608385963;4957 3165 0351 1598
MaXHEUVåcOMm;$YB´2W/p<X_*x6,Jé;',øM@is46m.shia;31574708;0210542272;3826 5855 6072 0381
YvUMCcdaFDRJ;{h:?#xÅebp.Rb)#7C;Hhof@85lbq.ikano;42483541;1107002622;2788 7729 4328 2663
oHvØBdUfVkul;2b`fw<æmp31-|5uWD;Iw|r@6oæi4.vision;02453419;0503057158;8385 2261 6302 8573
xtDgXjMgxSÅæ;ØP´eAMyÅPUl&2OpS6;cEM^@kr0ræ.xn--e1a4c;39969733;1702753224;9692 0841 3245 6415
inthvQrFFBqO;øG729å6%VP,7.zv?';dHP^@mhgw4.theatre;90357754;0504145069;4886 2171 9364 8839
yGaPFjCjæKJs;GlB',5EulD9j/,fAR;x>rå@yt529.aw;68405992;2705721176;0106 6903 5506 6185
wxsNØFSGØÅsR;cb^Yy.`Jym?uÅ1!QÆ;LL?*@5br1y.zw;88635473;0112545590;7110 2934 3453 6879
AaTmeDEbndBQ;#Nv? 8il4YMQoMkdo;tL`$@ujx-i.al;05574641;0201856043;9160 9099 2977 3519
BosZpæFPvJeå;~åe_Æ63XÅQwRl`-~`;8rGk@xidw-.play;43573193;2701414139;7182 6151 8891 4732
bvAeJSMIqMyF;:b?8%C HZ-KÅxT?5+;+b~=@2r8-c.schwarz;61741022;2206009007;5483 8164 7603 0808
KndDJxjnjmøØ;:Åy?eØz'n|*5&eTQ´;Tdær@v890y.volkswagen;54028832;1511802721;7900 7250 4532 5898
nQSaSPDxÆZOD;6l)tÆrÆøBe,tv_%1c;JÆåÅ@21bqe.boutique;47134055;1803765428;9707 6939 9916 4830
ææchhQIaofJp;7æA-:u7~=3|_DOqF%;&b|%@z2ufi.mitsubishi;02006012;2706885504;0180 9547 9793 3550
DdøthdMæØgFK;l'ÆIS KQe´+FlZuwb;åfl`@åqæææ.ricoh;69192719;2708906410;2206 9670 2902 9804
JlmGJTmgTNHM;mtgæ}mCF7$m2*Cwse;ø&o?@v37o..enterprises;24886339;1109571020;5667 0331 8828 1475
mavwgSKhRÅøæ;}PGn=d{xX*>#lNJ04;Fx-$@87xcd.nowruz;25634215;2203734711;4703 9112 1122 5072
gPtrtyyuCææJ;wØ 8<Å6mbKD CV?8_;UFJH@65.ge.anz;23951091;0504540634;4309 1437 4076 8948
yqaYØTTKvJgg;jAR.m)CkNkæ$|_E2j;FDo=@2psd0.xn--45q11c;01673793;2406771515;2214 7031 7249 8963
omKDwEIøvGåG;ERZgdh)!Ål&)~>.9f;Q=IÅ@t-xh2.exchange;29142380;0707367520;8764 4812 1643 0976
jmRpICAMxhvp;'5Hi7æ5I`ø£q003_å;$aXå@n9a8å.career;67764245;1904187875;2465 4342 7026 5601
CtQVdEbsPKGL;rrA9J.Ø!KuF{Fc+:H;zIø*@kp-ec.auto;37323692;1505738671;5834 0757 7697 1311
aCeFyIXiuBmi;2!=_~a'E.`Z$vi!xx;dVéØ@n218h.beer;49666061;1903911553;2345 6390 0065 9824
VtøBVEUKGgÅa;087m&4ow1VSÅ!#FL7;5tæ8@7skqb.sky;78603184;1601550438;3270 9564 0711 3249
UødybKAebÆaO;=tLrå!'%ÆMc´il<13;J~k9@eo25ø.xn--czru2d;49713009;0907388468;1068 0723 1324 5405
wDikPØIZBUzX;sO6&pXmPyBs3f)v'W;Mjx1@cq0.3.mutual;53717369;1809316625;4539 3548 5026 9582
BQlWøYJåLDGO;*M:nA?M_=iTH,KaEP;åEfZ@8vwhm.ubs;90762586;0803604185;2145 6870 2824 1871
VnBOLinccqåU;øF)Zf>_å/æÆP5(p8h;7zyw@xcb6u.forsale;24560677;0409867545;6081 6231 7206 2141
FwlOxHQxGPzg;u>w}&NwISeZxé`£4s;é>U0@ejf54.sc;05364261;1608819211;2638 8836 0438 7980
ayPIStmelkzz;fqkUR3ca0ÆnE´VTbb;L}*G@5m-ev.aarp;59383803;1607432356;9268 7923 2039 1674
sITfWJÅRQlNp;<at,mpm*'gXglf%WT;Æå}t@mdmf2.vc;58619641;1410078291;9690 9464 5842 8627
HdJXJoÆfiøMe;RæEgH{tpfW%{S/ØNZ;MI,A@2dwøq.abc;44439400;3008506565;8120 6692 8603 8236
YDdÆFKøMoqjH;£p1.{!`JG$åZ=YÅB1;-j1å@5by.w.zara;31794172;2809724096;5266 7302 9361 7881
JUjxzpMjoÆUæ;J3$5kNv3AdokD%Sk|;#vBH@5.dv6.shiksha;21409085;0211956879;5274 3659 6229 5684
FTåsPcztÆNlK;tFOØ<3Z8ØAi+K.!{0;æJw,@tkyoo.dvr;19934231;1706711577;8122 1649 6179 5853
eeyntfCEoærB;F'cSæf3it<LIIu!N5;h)A*@3dmmø.cal;38017849;0906827425;7140 4785 3020 5206
YYUoEÆfØøeRC;>5£_k>{{y_vg?hR5u;j:,(@8tlc2.wanggou;22788557;1808148702;0813 2563 0699 0130
tÅXScoookkBP;=%{Vø*ånÅWyæD9z|Q;H?)Q@c0041.network;53850335;1606563317;0767 4074 9588 8843
vJXOåtdsWOTp;.>f3rlJoPpW´F8osU;z= U@vp-is.lamer;21055545;1110187358;8699 7502 0379 2542
pFQeWJqPhMVT;ARmW/cmUC{c:Åd´oB;Wævp@øi292.xn--fpcrj9c3d;44729755;2306573120;7441 8692 7707 1774
øyupGMfÅEEWu;ÅlÆNQ~AMfMh6r8SwF;xOnN@2--mn.ck;41493349;1810861106;2784 1763 6707 2465
øbUyApngCygw;voooMp~MØp75#TbTW;Ca8F@ind4g.bmw;57367176;1409044634;0481 9007 1823 6118
mfxyjyÅCDqDj;´$Oq-:uxQTh#r7WWJ;4O|8@35uøj.mr;43468868;0704689969;5102 9584 8247 4057
øxuEzdDHnUYy;L9-S1´7´£EL),rd~G;Qs^|@.bg8b.tab;42612513;1609553967;3947 1225 9828 5642
DPKåaUeUUvYL;ØÆP~?CWéJw£ Q#(et;kdea@øåi-j.monster;51792073;1103128230;2061 4181 8286 9201
TxKDåmæRsIeC;~aÅJUjøownÆni0hfé;O´.o@xtæbw.xn--fiq64b;90584405;2005677583;1395 2662 2214 3163
vOKØkKblGldg;!{KnEi*hpx`l(é8_p;mfh6@cu68-.fan;37945098;0107796576;6896 3156 5771 5640
zåMSKQZøeVoø;4k3VhltT7RP_k|C)P;Gz .@w494æ.hangout;31603133;0801116183;1032 6758 3693 0071
OZzEyZpsHtæx;å|k4CØ2eR5t>O_$æp;I+tæ@jpgfæ.nu;99902919;1502962716;0292 4088 2701 5968
YårMGPkslrFO;IæUN!3q$&^ yT+VSK;h|,9@9diøz.jp;52700467;1206204903;9655 4952 3942 3627
HPesEXåZNHzb;JNA*lEæz<u`)U=lbØ;$mSx@2æj54.ga;22039510;1103893344;2618 5251 6635 8586
rBTMLqCCCmuS;o.3siåZR7g)>T`aæ.;´B1$@ææømm.xn--ygbi2ammx;51516677;2210870396;5620 8833 7120 3702
xqÆlIheRqvcN;.goSiIK&.}%v+h4q-;U)Y<@zn1j6.ne;95720483;2910501332;6112 7796 8382 5292
YuGqaSFÅPQBI;-ZK'éy7xbTRGSrF%é;k-B9@hmf7g.ky;63474124;2711325649;7118 1887 7677 3233
YkmesEpIUaXb;lv=U6oyÆru-j'å=R>;kåvX@7rkvu.army;86851222;3005773988;3093 2144 0003 6362
LgTæIÅLOøTæQ;IÆØ5åq~~sTbVTEbMM;9I5d@-d5æp.asda;43699800;0407439899;5242 8642 2032 0382
gnCBcztHKUsb;_k?Ey|wda!øg{8Ic%;1,3O@3gqmc.trv;06631499;1703610710;9662 4807 0446 2731
jIMmjHnoVåcV;zp)z|wé{)>ZvøÆø(c;#)JV@k89æo.mo;91257332;1005862856;7164 7944 6579 4712
mLfbØwåyfQAA;Å0c(~8-lbJAQP` f ;.£4y@98a0u.ubs;56906598;1007872166;2307 5966 6621 4104
pgZoSØÅIjfjY;aE6-Wb?j3|39tklo=;.%Cw@f1heå.nc;46261967;2106280820;7337 6321 3729 5126
YØqURwEdlVåj;Cj$<.<<ehVe`lEØw=;BD<m@æiboh.mz;33436324;2708849513;8430 8738 7978 3069
ZBbMAYWØOcaB;dK~åWp3op?La&+o4´;kø)w@s031k.digital;24954194;1401533202;1672 9584 8983 6786
IAGFRqmANgNq;XZR0ebp~EIu(%r:^(;4´&h@y6h.8.shia;18996817;2309704196;1500 6286 4151 2687
PLGpMVLøZPjI;2FO(oNk4A>r£~<F}|;U=Vs@1so4d.ac;94877772;1211534881;1427 8769 1346 8563
zCArÅGNlscgB;X|Y47VhåYEN%a,lM0;i+tE@f8nmr.feedback;47738714;1602734389;7320 7748 8713 9514
pÆUøFmCRwUNq;YmX~q ØbérjUesX5´;LeXI@33aø1.jm;99090703;0706158707;8639 6840 9417 5876
rRNYøæNtwmPm;)(OkdKPPG>6£)UMl!;nyi}@dz8hb.obi;51884363;1703654785;3243 0591 3050 3283
coziVxTgæØaB;XÆ,)KØhc2)æ+08j*å;æ`ef@oboyh.xn--gckr3f0f;98855468;0105608942;1172 2703 3378 5920
bråqzxFGHeAV;<b51E2&£'QI2.1pvo;y|RE@1z4xk.ag;40181441;2509892639;7729 0134 3194 5309
åCHCuaVTuvPA;Rl6s?VÆ:6ih+^wWL>;(wI`@5.sæv.nissay;58155515;2705835350;5829 7642 5872 6438
MzhIØcBFlZGc;i^c7Næc)1Wc*6Z6/5;%C/Y@kkv0p.ps;81837950;2410951889;9532 1933 6112 4753
xWgÆniwåaDGx;Pé<}V+Ø3?6lr~ VÆ9;T=ÅM@8.5vy.lexus;94439929;0407579542;0365 5050 7485 6375
POaeNÅæjcPOz;Z8Æi)æcj´Cgd=b£>+;iÆwi@x14x6.grocery;62481811;1809705273;3982 8172 5025 8103
LMjrKåxjQuÆW;>YQldWy#lOwéy'lw4;Æ:-z@æ2mfk.tools;07237679;2806482865;9232 7846 3507 6978
AlztåaOKaPEB;L7jUA=_V0eAh`NLNÆ;Z}ms@3ffæj.jewelry;42246705;1704666183;3165 8987 4548 4339
AfVXEYutScøI;R$DQ-Q4){e*Tr%+s=;P71~@ø1hkæ.orange;20957735;2811227660;7882 9349 0493 7485
HwjlfJLNjfLk;~}mPt7Xl<xØsBWDIH;IO3,@ogåm4.xn--80aqecdr1a;28516738;1411324873;5114 4804 0906 5410
ØBQqøoWØyIWT;+MZl+cWpD2n7%´Lk{;PFh6@gørmf.fage;05220773;1712453148;9114 0756 7408 8385
hÅUyIlLNXpMæ;T3<As4CqF`T :m7ÆA;M:Ow@t8au4.xn--ngbrx;26196214;1501512733;6003 5986 6399 5897
wuYåvnJPHwln;2p9GCnUMhs~>UÆ4gI;3Hw%@oq70æ.ph;07253272;2205388322;4214 5549 2154 1223
FUkHVKObcZåÅ;xvDW`N51C&:B:0Øe-;£4X7@s1d3i.xn--jlq480n2rg;39137076;0305682241;5216 8416 6156 7277
FØuLqBevVØCd;T7-Z35!V,~=Lc&XFå; 5`H@cn69ø.prime;65319711;3112194028;9992 6666 4232 5606
RtØDqEUpKJMG;J)Æ`eI|-L(SHQo42D;l`45@wws3z.neustar;21391997;0306371592;8574 4534 1430 7769
PkKVjSqQRxYD;!£,4m6Ply/#*em(Vu;6S=6@fæ.mr.sc;07813720;1510877191;2817 3355 0122 3142
YØVPnPqyØvmk;'ih-4Q´)Å´o|M,éCW;N8#r@zv7mf.xn--i1b6b1a6a2e;90518397;3006396614;9334 3561 6944 4018
LjNcJbyuIfmj;ZvpN5c'´/ÆMs.éjKG;6^WW@d4h5-.tf;17502504;0702501806;7708 0418 7482 9677
NkZyXbBwtCQq;SdA.Øé ojE1D#w=qV;Å3>b@b2.39.homedepot;40270007;3103614855;7473 2641 4675 3103
anetiFÆZdæbh;$8yåÆjYCøL.9j-~{Q;F9Æt@bxdxå.gallery;82216994;2112836686;9610 0798 8242 6880
LajYolPHdøqy;rFZW!-Ø:ædKMg2ØÆ?;}i8e@kuoøe.foundation;20605455;0908354982;0408 8099 0285 8043
vÆZvurSWIaCM;SvLr£kØøQøB-nD9zj;_:æl@wgsu..skin;67323521;2003937758;6939 2729 4640 4066
nVLWOVopXLYg;TOv}KN++,q,£Ø.c{2;)Y3o@9xqk5.xn--wgbl6a;73266732;2912835645;4047 8450 1548 8484
nfPybDBLjPbÆ;O&:*åG_zUYÆ`22PJj;7!dH@0efg..xn--czrs0t;17109721;1508742173;4919 5647 8014 4934
pkmLMvDLkxIb;b8*7nirFL`LU02UWé;O.2}@åe4vh.call;91108084;0306878468;1051 7492 4101 8156
ÆåFzzMÅoHaju;N'TQ6h8æcXN{T,Æ&r;X)6,@w5åæ2.amazon;16995592;2005201635;4201 3915 8904 6459
rWOqGwøkRyYO;ZL_#bc7P+8qq£hfJz;-t9h@t3enw.africa;79249322;1602136600;9406 5359 5992 8510
øXbYTbCBÆevæ;'?=19SQ#>!:WWs--X;?(Z{@iaæn4.pm;75585215;0703952526;1931 8265 4927 4099
FXØPUEqløDJÅ;}!uiåS?æppY3(v:Mi;pVkO@eståb.xn--otu796d;86196502;1112922691;5281 3845 7148 2360
øacLzCevbjQN;Øztvø')'=O)HL&8zx;n~*Q@1.40o.gf;80555165;0105947763;2643 8446 5039 0890
øqcgVHfCRdCx;:,~e}%sb}Zå8$'4dn;,Æ1B@xudoc.nfl;56691942;0606069600;5158 1909 7300 9886
vXwcBåøLMrAM;hé+E ØgZMGwuLo-øy;)jWg@a-eak.rehab;30765024;0712420057;3303 3928 8508 7725
oYUkAYeøGcNi;.^HeF5P£9adA7/.CZ;aF7é@bxvoc.box;39768269;1803874162;6661 4941 3098 9577
dÅepRnUPSÆTÆ;9!Ål GåmøVDWEoX,&;0k5H@q24vw.email;11520834;0109956864;3980 4746 9640 6993
QPndEfISØcVÆ;eZ22>Eh`a£,#ruTI!;?£62@qcuii.bid;17088982;1701421082;7419 8294 2653 9499
JJcUhggkCGpø;9rSYT|)}39m:j?Ø<h;s-vp@ø1iåc.cymru;92644028;2209370118;5104 2826 2419 6059
zLtaåfzzfyCH;AStd£>jlD32d%raq!;!Ypc@1øu7z.guru;28110324;0209904241;3792 5173 6487 3800
BQWgøIeiåXJt;NrZ^%}/øD&q%%w-I/;>IiC@6f-10.farm;73580517;1411253240;6289 9115 5297 1439
KmOEråXmqåJJ;1Eæ,9F&65ICÆ&h|AE;Qf4|@sønqt.uy;18585399;0306102206;8729 6531 7839 3616
dåqLmøirGåox;YBfkV/GjEhs,£:-bo;tÆ~w@kø231.broker;08562786;2006977025;3756 2782 6730 6548
ædhæSØBdhmrb;zVc 3-e?X5OJDFD z;´c#3@k8jgm.cbre;47648412;1911470671;3513 0567 0178 7090
uIAKyJÅsURMe;2wz£+MJ4ÆGWMsYgvd;t*<D@æasjg.study;42324314;0805272503;7000 3852 6240 9179
YqBeiPBChCjK;nM6NZP,NcJ18G+4A~;{(^j@-hy9h.hamburg;67558045;0208878492;4566 5186 3208 7903
XZiRBVXhuhKZ;cæØ0!1-=)C^X{C/!W;I=PQ@z4zøo.arte;92849306;1011671213;0182 5018 1281 0790
qBBgVXuØSÅhr;hV>:cé=PufG29!_Cb;|/b~@y5pyq.ruhr;08871794;0502290894;3729 8539 2603 1960
åVIRArqBCÅyZ;`(é/=TwDMCZaVFo|%;,QPG@bc9p7.loans;82899822;1904761571;6282 9013 9134 2972
ORdqLhigNOeu;æ£FRxIVæv.+Ff_`R£;>q7Z@qb-cg.xn--kpry57d;66457836;1609041222;3201 9083 2918 3515
zOTppXWDiOqI;IXé9Ærlp)4~`A2,%0;Mq:a@spy-j.xn--55qw42g;69672981;2512296435;4453 8909 0880 5169
ekbAMNFzRugW;4!3Z-Z12e.q.^bED{;´Dlm@øø8vx.xn--czr694b;20974463;2502516593;2691 0627 6395 0167
qvQVqHwYOgOØ;:Å^C,-#M6?V£b!<c5;>{^&@gn22w.whoswho;39495299;1808109650;5649 1932 3808 8883
FqeJbGAeÆEAP;'c$ b+8%SuTy´l1J<;<Zu^@ijj7x.hgtv;20414122;0511080860;6138 9602 5330 4410
VcyHTgBBxeæs;'qj+4>N#P>dH5OG3U;,bGG@1.261.alibaba;73673588;2001285621;2593 4449 8209 5687
pUsUKyxuKHwV;a%TC,gs:AØ3x5%=nJ;`wZk@0yqa..farm;48107472;2708641866;3573 8124 8269 5417
HKOXæOTKæÅME;9*wxvfSeF&OeBZca$;=JFÆ@r4yå0.museum;97733059;0411451526;9306 7794 8055 7825
nLCVæhPPPsoæ;~6ux{=*s?^K!d)Ncj;%idi@8.v.s.rich;33816165;2402782741;7503 2766 6830 2477
DÆJzkædDGicx;Æøe5NtBP?k£5zxQj!;ø´£|@3.d6æ.richardli;99981387;2306788380;6437 1610 1268 0278
øFRWÆMærfÅrø;fu{zN?76ey4S*O9%u;rhEé@un.lø.bnpparibas;65474731;2109017569;3974 2561 6883 5084
SvYWUØUgrxVp;#2^#^/nHqI<)1_1je;>XT,@4tz10.lease;56712792;0105363443;1335 1357 1637 8532
bkoFKlPaLeZs;G~gcCX)kquWoÆIt(2;!MK @4kæ.7.buy;34257985;1905907987;0557 3268 7718 3595
HBGvjtruXæux;c4.G6øv(6aT0'gX-y;_|Nd@p5.åa.green;01993060;0505769872;8735 4131 6770 7264
tvGUhzpqbhwN;3^Sr(.zgC _sp.8Ao;y>72@h52hr.icbc;06920295;0605883281;6007 4357 6294 9846
xåJHalIyuyNz;å/5/KfT1_k$38Å0OQ;/?1z@ævbuv.george;83483795;2705285546;4332 1060 1725 5569
ZrøuJFOJfoYY;7HUuåg!I&?Gxf0p8g;å:|7@k.tci.lu;29193053;0805011610;8867 6370 5687 6935
ktæÅWXEbLaOG;Ld#L01/mt`Gv/SÆ&n;v3y#@jjrf3.tvs;92459260;2109005927;3584 4006 9687 1408
fØIlmåktTWrq;N,drr'ox{Å%'kR.Oé;åa12@kxv2q.adac;46915847;0612965544;9683 0918 3161 3999
pgPqphpTyyTB;>cGw+9Y)øÅ2ZIÅKC};=l_c@9zi5g.xn--vuq861b;30034183;1605004101;6192 7906 8789 4477
GåIpVÅLlOknB;#VLbz´<'WÆ=r~XbJ/;8Aåp@l3a0i.xn--3hcrj9c;01002073;1402176055;1454 6149 2941 0956
SYhtotdmdæII;oD8X£E_j|```LR|{*;åkJH@qar4i.save;68385012;1104983320;8248 3971 4041 5857
NqaibTdjkVYk;8DB£X53t+tJø,tå-7;QDpG@k1t2e.parts;46325120;0101948293;1259 5919 9602 0429
TphoKuvÅtnAS;2:YMiQh`<=wunÆIEG;a0GÅ@-jf5ø.marketing;22512438;2604250067;6288 6001 3579 2304
ldnURalQQZeÆ;{#Arm5BØ(}0x3PMxø;N.9Å@ia2lm.city;30828202;2010359298;0599 8655 8531 7680
uwÅfivfVgMUC;6cCur{:NCN:-R,#øQ;zVc^@iv9t6.dk;85111611;0201488923;0733 7326 6288 9675
ZkfizoObCØkq;cØ´!F6øzdpAmCrHÅ5;MB)Q@3c3-b.gmbh;57020825;0412290496;4109 1325 9940 5620
NåNsHHvjpAkU;htofSS4e(<UQIXZYJ;p!?{@nqj9å.salon;69425661;2409274733;1532 1807 3070 1948
PhjFpææoÆeiH;qA#N}<DnL~H<wy.ØW;ZWQB@9oåwp.skype;98482072;0707651245;3999 3502 1921 3902
WsAQgIcYUhUC;5+tX-0'i9}EØjNæ9};_>åÆ@6aæjæ.xn--mgbgu82a;19475162;1203601650;7306 1260 7015 9411
sHeLGØVrhLUJ;5kWUÅa-O!w~{Pa `6;vy.I@uåj6e.football;80577755;1801605385;5065 7597 3621 0171
hWytÅMOnhjPk;é4oKMTgxc£i*K}5A2;A>UT@xb4go.select;62422103;0101605736;1980 5022 6568 5798
SuUORQaXkfke;+hN8f,Ao#PéÆhÅyO~;&ÆÅw@gyr8æ.capital;68956700;2909073238;1277 4609 0810 0357
tylkqGGTXeÆk;oLBU7t)J_!j&h5%Æ(;l.jP@bialg.xn--j6w193g;45469595;1306909190;1117 2205 5165 1971
MDWgØTleQDsf;Åp|rB´`wS&5ÆuD Æd;kA}C@jzx7z.xn--zfr164b;34969139;0404225162;3154 5029 8657 5960
UnbtTøMklÅml;(%fXVTh´&aÆ9R(w2};ÅLbg@u-r4l.xn--mgbi4ecexp;92835032;1811428082;2875 6579 0928 1219
øsWpOåxFvÅøN;J^pb8=DB£!ezB6|£W;s?Kx@4jx2d.xn--w4rs40l;02199812;0807041029;8111 8467 3815 2920
EVcEHZYKæåIn;8eC?)JQov<Lc´O8cV;Y?dq@d92z0.id;53396501;3001428259;0549 2799 1968 3737
BgKyGqKsUqhh;=y9{åbqsmBlÅ=y,!x;/^dB@dubåc.car;36887406;0906796392;6803 3994 6877 8684
HUdnXåiqeizl;'-MYl)oÆl.´nIa,&);K72&@cxhgf.lpl;17437802;0511797128;7961 2941 1124 8184
fyOIRXAmogzC;´&1_~Qr£/qUyZ9ZW';53Xx@thih0.jewelry;46091525;3010151553;2943 5709 4114 8790
ÅWEnOwbBybcJ;6X`iK BV}ø-$Z8CO´;0 tq@ivfio.dk;82993393;0208895176;1047 4919 5065 8594
McLztdIJNIlA;we%tKå!93&TMVAs$Z;+tLt@wå5ær.commbank;67280580;2404471689;1936 4642 9553 3271
QÆrjjBåygEKØ;kK3ilÆ´qd:qiE&s=7;RWgh@gmawy.weibo;31406071;0808748541;6928 1131 4760 4892
pwHSOeGørhdf;`A6<mZ2^{%YULLÅg<;pOZ?@ur5e6.open;29334581;2506633802;2291 0042 2395 8921
hÅOOjMtjDBRt;prpT WP)qChwYÅv_J;bGd)@w9zdj.phd;00587083;0206834870;5667 1743 2195 1258
øgAbOmONØøRp;GIL| `)L$VYXFPJ3l;d13#@m3wzk.vin;02833395;1207612240;6287 7811 5085 4269
eVdvdFagJÆUr;ytId´,_~aJJéæ%m+Ø;B{)M@9ipat.fan;18847462;1106643942;3589 5350 1622 6992
DcSSdYtdaGlå;_lQ&X1IGO!D5u£/iæ;u-<w@nmprm.rsvp;06256708;1101186870;2443 5895 0185 6142
yXkæøUzgaæeÅ;YYVGi~X`IDs}*N=R$;xC6~@7å079.xn--80ao21a;82420079;2302427316;6717 1776 9329 7562
EÅZBUOrDeGSn;£A -J%)hZl+Y%x<hR;./:5@føtdv.xn--mgbca7dzdo;88781831;0811614335;8585 4080 1346 9408
fxwøøOhsætYv;a36:<e|3GNoKæ>møD;.rdg@2vjfx.vlaanderen;58922189;2601915580;3864 3689 6130 1827
SGbdEauVØaKM;^éf-Q>G08´zz´%Fli;GVY^@kl1if.desi;53903531;0409032389;0856 4616 7787 4124
fDmWrRTÆvuTz;8UOV2ÅyIqsu%*JBÅI;$I{?@vym7q.raid;68776829;2505113201;0984 8332 5072 7660
hsjLmGYÆwRÆæ;Wtv>p^7.+v{gcn6$.;6*Bk@q9e6ø.men;48764097;1910390909;3830 9777 0733 6648
ZiLqØkhOFIqf;CLc|N´>ÆlY?bT1fVY;Xgq5@zk4sæ.rsvp;61183867;2407082349;1016 9899 7097 8632
kyJKæeNrRæuå;mJsMDæw(Q6L_Tkiåk;E£S_@xz8a6.xn--fiqs8s;56818052;1704201210;7323 2768 3180 4357
ggMUbCwdiVob;)nFDpW24zoZsnN#E&;te^æ@90.dm.ping;85905898;2911445711;8188 1328 4014 7746
GAXvøYvvGePW;|/Z=Ig´-grW£}#UIé;UØ?8@lågæx.cbre;03248056;2703769082;6696 5784 3504 1058
JCvlxtZVfUNK;`JU£5 _(Æ/qe^qV){;X_uj@xfmxr.dds;23231763;1107883009;9202 6969 3048 5801
OlyrMYWÆåjOw;>DKLb_S8!,PP`4^~q;wæb%@vwi1z.homedepot;55178528;1404461067;6445 7494 4784 5216
åcowzyIrNufa;/Gén:?-v80D6!-økz;4kLY@vaqxa.fitness;02695694;0101187535;8416 8473 7518 6868
PRxndjggLSoG;!cztH!sPw0c{k#8i-;HppZ@ewøx1.dance;26484615;0609083468;1668 2956 2394 2881
VHFXØChLrAgS;v20>EpP:^|W.Rh_7e;ÆeBz@p0e5r.capetown;04468723;2603461293;7775 0519 4788 1885
YHBqXxsnqchp;lpV~%Pv#iÆ7åFUBo2;2Gzu@xå1wl.catering;91282666;1406576368;0283 1667 2846 7371
øHupfIKwUeMK;O=%R}Fy`ØRFM(mqOO;dKVI@dsijw.photos;39419060;0901424470;6515 5877 4800 7390
WeJåCWfwGJpb;d!F C7ØOdc|_,Rå(^;}o<J@tix70.rent;83739521;2901503179;0328 5767 4785 2535
lAEquejFsZRK;~sA%$3i(K=~ ~{=åQ;n2q.@vq675.xn--pssy2u;73618394;2412301229;5743 5506 0152 7307
ypvVAKSIrOnd;BF${b8pG´xOÆE3&A8;kBQk@qø3zl.nyc;98347519;3101488607;4471 1913 0889 7312
ÅWPØCgTÅPuøH;FGjCFFmLax)x3p}=G;ØlN}@4mxua.sv;57923247;1205876517;4687 0827 4759 5346
lhIirvzfkeHr;b^0h$e`Z5i08I+qU4;/$B3@bu1ih.care;87829007;0811016799;8986 9045 3557 2120
cmNBQuRNCIæM;:}UL CDr(0=TUXLed;8$OZ@9jn40.ro;35407810;2702323447;0131 4368 0823 8593
BNnHøDiTWdsJ;O-D+(~j't+då0ZÆlt;,2^6@u3oja.run;10359711;1403367822;5575 4259 2116 5892
jYLøiAqYÆssv;QuOwk5!ézbB7SfhFK;`+ZF@umcæc.estate;60463633;1209403974;1080 7016 6639 0335
ggTkQæJnQxik;Sz=7%åNuQXc==M*_V;^{kA@iwdg2.netbank;51638799;1409036119;9833 8510 0933 4557
BHWmuDtQcæqZ;å<S8vøbT2QB!xnø2);_q#q@8bmu2.et;72687349;3103857529;9098 1803 5528 1959
BlAKFHarTmPo; {r^d0awhrkXfqfu!;,æBd@ap.z1.cyou;23530793;1803842244;6751 5356 2145 3417
XRZpKZAlbøZg;PZæ`WÆ6`wAt{U#=C<;ywgO@w7æ17.sz;20701691;0108776757;5574 3264 7481 3585
xPcÅsectaYÅÅ;7NÅ?$rq!en|E<1icN;*?Wi@flmla.ong;06330149;0709970402;1007 3737 6754 3780
xXyGGlBlMIqE;)SH'SB^OQ2Xwb*x£=;sæ6l@vo2is.surf;04466078;0508435843;9695 4872 8928 7623
GVqMcwfRjæXs;Æ^s+bØ|a+a)}'C8qJ;IVaj@uf139.ses;30379479;1809177463;9993 3511 4889 6990
DElfHqÅtJMAW;d~q1YNnépN,Af%!%!;92uw@3iuir.ru;57283795;0309315987;2996 7526 9021 5392
KubEQGØeusjX;*UT{=ct/mcvmaSYd-;ucj*@h3hwi.realty;29554340;1001620769;8176 5310 4953 3347
XstHføBZMQBn;RgWN,)}vL:F?Iqc/h;:qf#@uzsxk.sh;84018475;2603862832;1414 7305 4809 2022
vVUåMEKkCsnC;.%LÅm!g2E#3+,Vt j;Åba_@fn4å8.tui;69011187;2808631728;7463 2476 7606 1387
adcZøvåbFøPM;%1Al80øæjVl0/XnS3;hfRd@gj.lv.xn--kcrx77d1x4a;44822974;2001220473;9878 6146 1561 6247
mæLbUøocheGA;%1q^<,ø~C8xa9q?51;ol<X@5kd3t.world;63001952;3011631958;3717 4466 1810 9435
WQæakrxyrYVg;athy4YxCnwq:WAJ} ;z~zæ@w3dz0.diamonds;24354094;0202474802;0567 3927 0404 6628
odQkpddqSCMi;_RCKæNgh^A%}RÆF4£;.)l8@32w17.vg;15641379;1408163001;5329 8583 7410 9547
ZQJbuydøuEcA;W/s}i)P#3^cmØ)|vJ;éSgæ@æ5æxq.space;75111336;2506223710;9952 5003 3414 7946
cwzuNZmzRpfV;2_P8_l30>zgM´:jDb;YJsh@5jifl.xn--vermgensberater-ctb;59869568;2704675189;2530 0123 3277 5055
akGpQEihcLUå;9 ajj#}yø(?V/ØYBK;scXV@hfwfr.vanguard;81211396;2207105085;7192 4760 4511 3572
VCzOAaEWUFVn;H1Q%pwHÆC£-r}øaP|;$)0C@2qg.e.express;68286413;0504229610;4457 4580 0127 7458
AmTaÆÆtIøOSi;1£EÅB4i2?pB?R'A1Å;´tfØ@2m.4ø.xbox;36691522;1808663887;5974 2810 0209 1384
ømBaågædæVlY;%)$gS/ht73-øgB,+:;1(hY@c4aqh.vuelos;57148561;2401562985;1054 4957 7886 2511
LwutHbtjqZaL;£=X</oiu&Sl|)bD+k;xSxU@.gz26.gb;15103348;1804916349;7150 0518 0390 5988
sYMÅgWøLGGvp;Jh^9ECx)rSpéc<a$`;^Ng?@qxg-f.training;35653217;1711848793;9598 8397 5730 2812
UNØFdtRUOaxP;EMTYØIdZ FÅxuGK`p;p6ØU@mo..v.xn--fiq64b;15829447;0611694199;1867 1581 1047 4059
OVQAmhoøYVlæ;hM0$Mny 5<Rl^!l7W;éRXV@rj3ws.gn;40579705;0412853717;5110 1394 2239 9253
CQiæUådDfOær;w*80?HA$`ZæfvtåoV;M_1G@t-9w..no;90454973;1609358340;4922 9800 6687 2374
uxCufKÆkYglK;Åde14QSæåTa':éMp9;åØZ)@pv4.g.center;37810794;2809708716;8943 4207 5085 9326
JæHVXsjyzoøå;uL A__}b,pRkFin.F;KO+'@yc7zp.ir;76210735;0907148882;9199 9760 0086 5626
vJFXJjuwMHQE;p-æ|U<ÅMeCsmW)&K>;BåxH@vszx8.bbva;70662497;1504309700;1451 4559 1401 6538
zjåOUkæYYmVu;J-£ddq2g8h:^HiTn£;øzå_@vqdmm.party;29646597;1507267242;2823 1944 8154 5756
hjXderqWRceY;oGz9g9 ÆKz4BøH7(1;KRqz@sf2qd.app;08458310;0902973770;4760 2317 2075 3857
IpgSUbKaGhqm;V'%78JI.3MWØ-af7_;sMEG@21wf-.bosch;91134412;2107985690;1253 7239 2601 3482
XECjNtwcvøsZ;zJfQS-INQk}-~:'7C;9~Ee@m01tr.goo;71076701;2003242008;8382 3655 4581 3436
AtLØRdTæABØo;A#^:'1KGCVWZXd8)*;%,tB@z.gvz.sca;82777083;2011927575;5554 7174 8697 0079
HvDlvnJkrnkD;1~p%4^(t7b:k=KW!U;MFR´@nxzør.rsvp;55931703;2403168680;3813 8972 3004 0305
ÆqIosnRCpvøD;SH=1>f?yARK)ÅXou!;<Xéb@qtø22.gq;19731355;2307589586;4339 1769 1294 6812
HxmHÆKAETxRJ;,B1VBk{&6gåp£k~oj;Ån2E@bæ5-1.statebank;14476928;2001384999;8901 4189 8330 4517
DbBFNoÅVhTva;6z>RNFA+DgDØSé52Y;7bJ_@4å206.bond;89909016;1205449538;4244 8432 4761 6981
gøkCrImGwZwf;#uL*éocKÆ`4 )få98;|KQe@n-.rk.car;67932616;1307683152;8239 8863 2100 6841
zNmiTkojfvoS;ær*I}£tH>I'KédK7/;0y,Æ@pmqæa.komatsu;11480618;2403799842;8743 9891 0106 2260
ØkreRrMxÅxZu;ys=LW+!E0´æl0æ+Uf;uxMh@mlrb9.book;29163634;0610555306;2167 5833 8031 4823
JfjåbbqÅuman;3A3YØJ62A2{éI--'z;>Tææ@-å-5x.news;70678532;0111318638;8317 2896 3303 6552
lXwcHWPRMxZI;B|3IØDst73zÅÆ^Ø´7;iTj<@rågåq.gratis;48678458;1409208548;5063 8713 3685 0595
BqxdonCqZuOi;|eXw'!!P74+I2JR/2;|å-_@nbzæf.tc;43483734;1409211590;3921 3208 9597 6165
hBosWzwdSdRQ;nbUG?M?æv3g?.c0aÅ;59Qi@ånz5s.infiniti;62038193;0804206280;5671 5776 8847 1492
EcQOLaNxmVæY;>wM^MÅE`^N`Pf}/`5;z}:w@eijv7.kyoto;93009507;0908396456;8234 4864 1588 2317
hdAvEGØuQKåf;zW=$Rwdc%Y (9'vQ';^T .@5mæp1.statefarm;74980222;1309897710;0996 7868 5523 3498
åØAØiZdiZUvi;qHX5<irak>SZwtævG;t0I{@1q2æa.amica;46613398;2002856045;3661 3064 0861 5784
boJPzKWwjpZU;'e$GNV'NU5AbYVMYE;N%|D@gh4sb.iq;97791575;1809563401;5684 3855 1442 1830
yZQzRTydveuj;-4vOL!Æ<yrCZguxS);Ez3c@-rc8r.gg;94298768;0603142675;0522 9395 4493 1624
HKCTIvOORjfH;*p,KGg*´å0Fa£&/4ø;HvQV@sbnrø.blog;61630795;0103446139;6582 8844 5877 0153
GbGogNDKÅTdx;3M´QT1gjD~4l&eDH3;O{xL@mq0ro.irish;46114758;1901921063;4364 5084 0311 5300
zLfTLDÆtÆBef;-/tC*uBmKGFB8sÆx£;,V#s@60vzf.xn--55qx5d;82743907;1704718485;0572 8859 5754 2997
GrMbYFæÆfiqK;`F_aNvf`w/KøAæ,ji;Mj S@vdxdx.xn--mgberp4a5d4ar;88067724;0711746870;4245 5119 5098 7273
xØbXNmyØwÆnm;E~{(8lKzzqlØv6!H5;g.-5@z5.u..barcelona;32921731;0211490560;0650 0710 3145 9053
GFbtærbakÅÅÆ;~Hu+&~t</$bÅ3=Bg8;,a^£@njxåk.total;73467272;1702968913;0830 8197 3404 1996
psiMhaoARBtT;é$NeåJV$å>DezBx=g;£(T8@uhæ-p.mu;75897929;1903255265;8630 6865 5872 4255
nzOTÅbimPkPv;k97w>)euU:U´}øs1´;g`E0@2ikj0.bentley;97065110;1308994356;7972 6228 5790 4402
ImVxytbfcSMG;`V,2kL{'</ybw {qw;#p.`@æn8rn.scot;00269005;1907487390;1090 4812 5180 1122
dOKhVQgdfPfN;7W`xE5pyCåsKoa4uH;ZOéB@ømic4.hisamitsu;57702848;2310650172;4195 1147 6164 0361
vZBVBIhåØdlK;-o_yÆ`æ1Zhti+i^8s;Sw!4@wpøya.room;68756988;0112713247;5857 7662 6728 9807
PaÆjeBEEGimR;åcVC#>RxYp57vypØ ;ze2ø@-gs4k.mn;79521713;2604455033;9150 1820 6388 9169
WBøIbFTbBBEH;éQG~5B:3.UBo+mFC3;RGpn@øgpm6.ke;55668484;0403561630;9015 3087 0015 1905
ZGHWhqmTFEJÆ;&Nø51$A(KP5mt-L93;abHA@ta7få.vi;17469441;3010019795;3290 0037 7014 0131
oxlBajRøIøVp;^`*n,u&*rg}B(0£$y;%{qD@wm41ø.trv;12932299;1812529389;2840 1438 8451 1781
VUsqCNØvbØAz;gt(IuLvCXøØg%loj!;nrs6@8aast.tjmaxx;52928580;1012778224;4871 6599 7867 6781
NejsdqpcpÅÅX;Ø,:g5åy0Lyå6&.<Q(;&dba@9so70.xn--xkc2al3hye2a;13739347;0209925877;0253 5522 8989 2220
eØkNpØTzLNzQ;ips.Æqw_£:ø1A$7wZ;D8 P@x-wep.nec;50154849;2002274160;8379 0484 3680 1877
AeejøTcUhanT;)æ£2MNdKg5æSS(GGA;æcæe@7z7c8.fj;29400333;1903600728;6799 2602 0802 5024
HtrøHHålOXåø;z)#?CJQ.`-CDF~WÆ6;fv(8@økv56.dad;94096677;1806835184;6008 6806 4172 9600
BrfSÅEdgnwÆI;)LqDadVbnXSé%ÅØPE;j1&s@dr5hg.racing;28367330;1710824114;3166 8401 1018 0265
ÅbepoREkÆyzK;XiE'x5b(0|c:bu*4{;H^gt@xzppi.woodside;50332231;0503595010;5601 7103 7748 3306
lXYVfhSmdtBZ;#uYI*ZXG&L3jYdTry;,&15@76oh5.fr;51616887;1402774483;8137 4378 5662 8055
HvzQFtIJmxVD;%V4-vAK=yq2DYvP{s;k5Ja@u131e.career;30228326;1808288024;5850 6012 9047 8977
SjZYyjepVZFd;9qH.0lG?yX,qB.nk^;K{+?@4-d28.eu;82571837;1209573233;1363 4211 2896 2442
fvFZuXtJCævæ;´lmW37ØNJzOwWBØiS;pC0W@t1sxn.xn--nqv7fs00ema;14711043;1611769691;5584 6744 4139 7077
ZrDctljJFTMU;A:W}Cx),KZcZC{å5);Wå*r@pnruk.hot;41493061;2809531913;3571 9980 9526 5977
EywCFDUfkarQ;OG=99&u?:Cf*%gxcu;7=9E@l4qhx.xn--4gbrim;38047687;1901281242;2389 3812 6578 0339
DøTjVpMPqvæå;CQM: ~RWræ}x=åj%x;V9hm@yrucå.ag;96132614;1811938587;3648 9794 5713 0842
LiøHTIhIoXib;.6Y+f`)0Y9tz3F%Hj;GA+r@tojsf.viking;52159034;2212674640;6053 2334 4052 0344
låEYFaBbnQQø;T^v:SBTC5DsIEPAø7;Tfj,@fe977.showtime;87988415;2701112159;9274 7737 3274 9031
VNBCXsømeJQU;-9*O0702V`S~M:7aå;(Øé'@eb9æ5.bridgestone;06672548;1407941850;5440 9834 1011 7603
øYOBEZRJvLqÆ;VVB(OÆJTCVT^ÅZHæh;-K^P@ozyøm.coop;93645874;0902496157;2138 9741 5249 3389
ÅezpAXiaoxhZ;N'MÆ=mtt+/DT|P}yæ;/=0N@j74åg.in;82380651;1605827884;1074 0030 4463 7638
ÆnCUCoQøqADd;$D9q+n}cW96qCÅ>py;$Å,G@l4v0v.sncf;14067589;1712474331;3946 1235 8611 5603
åcGgdoSBnghh;>ym 2UPuS.kY> -Ø7;p?*B@2hlmn.obi;90292932;1506097807;5370 3822 2515 9013
WZJåKfpZXuOØ;,G?t5}Qé*FT!+a)vG;L'^=@d4m71.java;99368860;0607461317;0307 0451 6486 4881
pfLæAVlSzIHø;'!jP2=emæ8a3vLX9K;O{&|@åfbx1.passagens;53621955;1604931386;4377 4515 8507 7078
BLBQzmzDsAQn;D6,V*,d-G}!æ~4OT.;åæ%<@mkjx9.rent;13608766;2411352881;8937 6666 2698 3181
wqJNpfXøNGHZ;qa'vJ|lrTS5o9ø1Wb;e<5N@0wåhg.maif;83343752;2411774026;0309 0062 0927 9342
BRjFrmxÆUøsn;)xjå´~p,rM8m-Ømhn;6s-Y@qøc21.cg;29434044;2706999925;4617 1884 8826 4383
VycypZLFJlsN;vOd%gSgf`!ÅKØ-cp?;£*n-@zdllf.tk;74005243;1904978210;5242 1532 1277 7415
QHØåqKmzxqMD;|*ouiØåaéNLaAÅ9}8;df&m@2w792.free;29962195;0211398108;6724 0361 5555 5218
fHNLiEæAxOUI;|kXm#'vSh3fjg#p}C;s:?é@lz67j.voyage;98008752;1805251332;1356 7170 1144 3212
EVAKWfClkqXr;=~FVxyh<-é&yvOQ/Q;8,~c@gut73.stcgroup;65815325;2507829220;6907 2534 3331 4016
dxaæmVOÆuaDg;gM9pUF´qbBm))cW0b;.poS@qg4.t.ink;95704647;3103936852;5357 6520 2742 3215
øftÆqpuByQlT;yK3Uv'=bjqwpæprg ;s?m^@zåy-v.xn--90ais;02400670;0104934846;7002 9789 8932 7951
FoBezATNlFCW;8XsTT=æE&6I O´w?o; Æp'@s9et2.kindle;62658938;0706331611;9760 8070 4477 1325
GbOAFVGuæÅUP;Å+7kpQsp}~nR'faTb;4FgW@æb679.talk;93755757;0211436115;7775 9435 7845 7721
jjmøgrsÆdAeS;BK#hutNi,)pjØeicI;=eO5@.ø5dv.cleaning;76451656;2907150812;9762 2518 0815 4402
PØycÅUCBrYNv;Æ~#-^y#GT<au?Ybdl;eEUU@eøhøm.osaka;33279523;0103012600;7398 1266 0493 0525
køVSpmWYCPew;TF*hÅ6£x7pox^q5&Ø;E6nÆ@2f-åd.org;24794456;2605592816;2974 1182 6449 0993
GhiaXuÆæQUTn;~A5Å`WOsiCk|E}é'u;{.ÆQ@c2nso.infiniti;68142665;2702932826;8088 4129 9192 1126
uæBNXvBupOJA;ITbY2eb8>7ko´ÆÆHp;|(F_@e34tg.coop;46307488;0407510917;2556 5471 5141 9820
æÅEmKpmjtwJb;xPiV59k#3(ZG9jb=};k(R.@på0nw.toys;89088141;0405587440;9233 2201 6579 4572
vghtDcSTXBaw;cCnU7ié<br!):((4C;BUo+@øaq7e.nr;27353071;2606458200;3900 1149 6169 6352
AÆkSMTcTddob;>d?#mg1C:eku9SAW!;06f8@6tåvr.xn--55qw42g;92736521;2903522359;1513 8312 5987 9604
iavMÆPIØorpx;NqK{?ZP`7éw,HHdly;zøuf@18ocf.holiday;43899449;0106828628;6934 6972 4793 5430
kzUQYCcABonq;pWæL>Y)Yøg!-w+H9~;$/Wæ@æøa72.rs;12729588;1809537451;1582 1855 9509 6332
zmDnuckAcBrF;ÆZPW C4WoIEftwGC#;Mgvn@o0k1g.gi;02431253;1904592702;1794 4558 5706 8863
zbrGBUIØøRNf;åBK+£+(fiZ~ ^+7GC;0gHJ@c6åk-.new;77541320;2212718605;0514 0511 1484 8899
nKaOøGVRWDRM;}j>G£~TsWl`(TEx4J;xt56@52lgv.xn--nqv7fs00ema;85166122;1201829239;9336 2212 0923 8283
DBbLæVKiBWro;72Z!<2PiCåjaV/R9%;do1S@c9he..xn--3hcrj9c;07655259;1105934153;6435 8552 5959 3449
IJdjYzMeåCsR;^ÅWd=*^ÆX}%8M'3Å6;i2h<@2gxtc.zm;27287542;3107128777;5745 6869 6399 2734
cvSaåJqMOtBY;.wtN)~uCa?aS-Hk-~;ZpXb@mzf1-.cg;98984308;0110191669;2708 7106 4346 8882
QOdtqæSDbYKL;_TmCn&Bc<$DfNØz#j;Zq2_@hslwø.song;50632032;0604270456;7743 4373 8648 4142
dZfOvInUMvWD;yæ&wN£'ÆDx,qO$e&z; l4V@.eløx.uy;52831780;1207364483;0275 5384 8992 1847
æmAWrXAUvkTd;nYp-G(£^%,3/YSC<h;Øf3z@kq4xå.express;23764933;1706312982;7903 7938 1799 1948
WUpPøaIoZofO;Yy!/æ G:lKIT=£oE~;BæD0@e74hh.domains;48655144;0508638302;5405 0619 6743 7148
jBdkÅNBSjIsV;FzV+9u>C(!>´V$%'-;0_.O@nzqf5.furniture;85334411;0810209410;8758 3511 4469 2590
TØGeUEågHVdf;bMIBZ-|nr%,x~_1a<;g#&O@oio66.ngo;22552352;0309237064;0599 2314 0189 5237
adNgjLBmpLuJ;+>A5AØé`gSEUrCø!x;pørK@hracx.fage;18458205;1611808662;2313 1509 7142 0402
OFØæabXzDeSb;^5hérw£AP#Ø?~GA£I;QUkQ@nldo1.limo;77377671;0910508032;4313 7284 0240 7167
VDKlmjIjUfLL;leM|T%3)=7J}M}£*´;HA|B@3å63m.gent;37899115;0512906168;2245 3796 0758 9279
YgUzatjmjIeÆ;kkIUu8->=3s5ØgaD0;:8jb@69096.bom;34590362;1802744702;8729 0829 1151 2565
oLWQGÅqØÆWIN;W=9_T.,(E.ø^å´b?T;åu^Ø@475.f.gp;80567702;2005808467;9681 6403 5629 5740
nCKNNÆEÅPavv;øIupZkZcM,au3U:$!;}:}Q@æobq2.lotte;20667910;1710588550;1259 7496 2162 5117
muDVuDwMqirQ;j*<zsKgi2`Ø7<mkCL;ÅAk_@s0g9ø.allstate;69667113;3110965043;4933 6229 7125 4383
UZDKmEXWnhyF;F~ez)G1_`bU)DLx)(;YG1:@rzlnk.juniper;68075343;1405149768;6922 2660 8843 3155
NalbxfzJAtZc;u35p(<337skXgi7Åj;w~KP@3vbo8.anz;70618267;3103273314;8682 7600 3682 3976
pgrRLfjÆXngz;Dk4oBh<dÅ4Y´Æl!<c;K( !@zns8g.pramerica;78098155;0812458396;3751 1372 5391 6179
BTikÅQUPDcNb;b=&éasfLC?~|.n 68;%b^´@g5yiv.er;19242558;0901091277;7502 0700 5575 5673
sweQØpAYyDmø;e:MKpEé,TjaYNo2^8;z,pW@-f2c..agakhan;46172192;0810228431;8463 6116 6782 5407
rVyfZZiØVyHØ;zØl-DM&y918FEN?,M;<ø#.@pæfek.beauty;38821119;1604729242;1830 0480 7945 6466
GØLRPAYøBLPÅ;PTSTF_fhez:røpiéH;<2GT@r--5ø.hotels;31065972;2007202795;1041 3270 3123 2115
UTDSGvAlKhdY;g'V|tY{Lpm#´?å27Y;JPq/@n4tor.report;35530192;0504004775;7115 7234 7850 8256
ccTåfwiUFEWl;Æt>bZ0kjYQ9<eø4K1;TLJØ@åmruo.xn--io0a7i;30099663;1710803214;5565 0378 6599 0052
xWIbcåaErjHb;0o*pUWøK8|&{w_,c/;s´q)@tqdrt.post;21391906;2401310544;7286 3120 8164 9509
HLkunsOfåÆkY;uoOå,iG'øriuøfa'L;H:qS@ræbå-.alfaromeo;48118331;2610787838;7984 1884 7053 0252
uØQaWkPNWqQQ;H2`9}7eH9Nws}2´hÆ;Ø'jå@å5j6d.oracle;70694999;3012566009;3237 3760 6847 1468
FkdZgteZNvåk;VæH yRja^i8P3hABå;Y+AB@tq193.bo;10807881;0703861032;9108 8771 2115 2518
XtacjtVzyImÆ;|)}élS´dQL$Ybh 9(;<nBd@dc2j8.xn--ngbe9e0a;56689443;1706894485;4499 1071 0354 9250
åVdESXWKNdaZ;TE~uqÆnWØå^MS|£'^;wa,V@ovrøa.sl;06187340;0510772814;8944 9216 6950 2435
QvGVoYUmFTUm;{RHu*hBT,k$Z%´i#æ;s3YY@v3elm.shangrila;03713282;1802215815;9343 9447 4758 4310
iYeNyPmmKhgG;?MUz1B%0h'éBEq:pM;Hg|#@lf2am.lplfinancial;60179717;1412897095;7698 7683 2028 2349
XwBJoiFBoøep;r`v8FJtr}$gølédØU;6}l#@5b3ml.homes;15252040;0908276337;4163 0221 7602 3223
hSOuMBggGETÆ;I//uæ'uXÆY%k6SsVV;éT*X@eråsq.limited;97962295;1305517255;0317 6749 8471 7116
cnDÆzZYTÅKUa;F)ÆC8$Z .c~Å!9p=X;>iEG@rai7i.by;35672976;2312064521;6614 8140 9155 0267
TJEiYHIavrUX;U,T1HqR4YzT6A-FAu;E+jå@dp.0g.winners;41405096;2806264884;5126 1205 5661 4570
iGÆoUcqFwrmJ;}JK+H3 vYI/ ´~/X?;HMQX@yøo92.capital;24880580;2105585481;9320 6960 3723 0289
JÅMÆoUKObmXm;/$YÆcfS%xiYæwIØ/Z;((b8@oåbc7.science;22158276;3001655247;6525 0195 9858 1453
axwCYNCjQzcx;ÆÅx.{bZhR=Kø${Å)&;&1_u@s.m5t.lotto;04101256;1603704980;8010 3394 9355 9207
VzmØVyWxnXeU;=Ze:Øæe y, D_dKwS;KHqE@0zhfa.vuelos;88145539;2702236064;4336 6450 9098 8335
PØåPANNVAjrI;8 #l,W:#)IdWJL}MR;o0y6@ys9æf.xn--80ao21a;49996029;1105482708;9741 4084 0450 0991
cøNSOzXtåyæV;_VDR6'#*p5Åk)lzp%;GjTN@8w40w.uno;91577813;1006523273;7132 8648 6317 2776
qBrXÆXCræTUI;u^y:CÆx+Mi.YKN0G*;J<|!@41b29.xn--80aswg;66194437;0802949545;0278 1119 5559 4196
UCHAbpOwQDeH;m´4)E jEfØ2GDgP~=;U´DV@uk5pæ.gw;41905676;1605327954;1475 0627 8881 8700
lfhRIæAwWElP;psSjKpTlkrMbdKQ<r;/FsN@zø9lz.buzz;83633631;0801106404;1268 4662 2607 1023
LsExEkToMOVb;k+7uæo3=-mnå^j3øø;qD´E@pyhu3.frontier;75934903;2004151340;6407 5058 5010 7065
kcmNtauløHmz;:dJeVX0t0.02?0ø,o;BH5 @0jbq9.site;81316357;1501744766;7611 2777 1588 0167
TZYZØzårQyAø;#xCnLN,tfuJb1wxK1;{knæ@fl2bp.uz;10459457;2502854510;7720 4393 9057 8369
qiKnaclPoIOX;B_WEUp1Y#æ=9MdÅog;Uk6U@axidb.dental;32586755;0401639489;7675 7132 0082 8132
UNRcknMZxZzt;k>T2?Eæ/aODGs1uKr;)å/?@84m5ø.microsoft;26550926;0411922197;8645 0219 3686 8975
ykTiCIekeNwL;NcsvA<&5U>O%b-<_!;t4L^@.8n.7.com;81066710;1203897770;8622 5740 0480 3636
AODaXpdVIigH;E0xuvÆ+oZD2vbFM&n;Op^£@mnjli.prime;54132035;1511425324;5820 5442 4589 1118
BGSrDAÆPHxåP;>6p=æqG£C:+9peT+{;%_LB@.xqu1.durban;29558086;0903281812;9098 8698 2677 5776
MNfgWvcØeRng;#`vJ+Byk|l#LJd5'z;or-*@xcoun.pfizer;68036328;0301420706;0430 0584 1923 7134
wqZLÅUvtNZGB;_3Æd0i+.`ttV!j6:d;YQCw@69i7u.radio;98869616;1410974149;4186 0075 2042 6480
MaUnNÆgssTZa; #=OTN+YæØMvzOdH2;65éR@z44le.kw;35011319;2002304409;8260 9211 8988 3865
tCæJLHyigøgt;l4qauk:{t6%ÆU<WJ£;æ#_G@apæwz.tj;90084051;2605267346;4202 7236 3176 3658
LGExVBjøtLQt;sø>cØAPi£iue&Dovz;G£OA@7xmya.charity;30282974;2410070840;6722 3224 7117 9417
QdzEtCSwNdOE;iKY}m´63TnszHDr{$;NlAR@4z4kp.at;35960107;1312648969;6779 3746 5477 7973
NpwLåozcsnfØ;Bsj%Ø<2#B4W  y£wO;yAG&@wah2i.ss;47600739;0808988151;0516 8654 4119 8036
ZVWuGQgrWøWC;+<0-Xy:>Y}Kd=P,co;aD f@6ølie.systems;35266474;2906335363;6512 8226 4068 1395
ØzLkEILLZvit;xeN2z£<øD£Yh>ysWj;,c£3@kjje3.chintai;68678294;0701811283;7659 6342 1264 6900
ptgiWaLøEÅvb;GQlb Aql døQG<køo;%2qz@39ers.eg;63547846;2710015891;8820 0732 3878 0198
NkulosekdmåP;VScY0(C,,pFPWVsZ,;´jB8@lu.z-.guge;80919876;2910745592;7698 3995 1672 5699
DByaDøgPMOGl;J1u}´/19>6`jA0OiO;Z4né@ddwåå.allstate;41850344;2312681938;4447 6798 3108 9067
FnkikRwtSZmN;c`IO´^|Y{æMJTÆ7'$;5qKJ@4jhjø.dupont;08691488;1708675799;6818 6327 7818 6139
yuZCZMvøoDvf;NH$4Xnw5k{>zDÆ9i`;øH%C@86978.yandex;59162328;1209422294;5203 9788 8452 7516
dØFEXCriXSBj;vd${^`iw! ^L{%Sd$;RVh9@ckjyi.xn--ngbe9e0a;94316548;2211802319;4823 6998 4068 6138
NxKlbuTÆkKÅl;2U>£g*Lc-U*£O6|gN;C%_j@8tv47.cafe;74131276;2307160407;9094 0466 4172 5865
MÆeZZRgrChat;C(,^K7#{P{Q:=WX>å;41kø@870id.su;95575392;0403279323;4088 4499 9565 5754
rjjjAugkuSOQ;t´pFXBw4Æ:pz2n70a;3E7r@-qhha.scholarships;29665810;0805982080;6647 0024 3527 4628
QsCYtcpAlJxS;e-JP-(VNt^ædØQu|å;)nWw@æy2bp.xn--55qx5d;88182311;1104930510;7848 9251 3391 0295
dXTeiÆqwLEXm;#)MAahh<i/#PleHZ3;´rØQ@hy0må.kddi;43101062;2804272405;7014 3439 8879 7851
OvkQzehYODDr;éWak´q8m9|:gI5bv£;S.v8@ålqgu.lds;88119515;2710224792;8404 8971 4140 5856
HJBFbVeSæubT;u7YR8GSakQhG=q1LF;ksE(@aåæøæ.sz;11697558;1211471642;0338 3879 4179 7957
GMvqwVSXQWZa;50HEgi!£y!Em_rh:X;xtÅO@491øv.xn--kput3i;94537458;3001278168;9124 1350 4778 5485
EkxTTVMYwrUo;aO|N6<PRr3K?X3:W`;Y>4T@p.ø1ø.fairwinds;65797968;1804795878;4457 7976 5178 3797
OtloRSMÅpuIc;Å0,*StDlQ£2R}%f~W;d6='@d2-ya.xn--6qq986b3xl;10877120;1506367910;3795 2751 0008 2932
qÆWSJBLbqpåA;øJmTLr~p<~f#1-tV7;rbT}@klgmd.star;12072848;2609386323;7106 6651 7057 3172
XGqECcuåUHHU;T(é:fimuJP%{$*aa<;X.Åh@æhh6u.bloomberg;41415445;1001306843;9087 6515 5909 8781
sCadgØådFkøæ;SZLYrIv# qyd.b={/;ePgv@e9qh-.diet;23312115;2812895020;4647 8698 8594 2323
cEakBJiDMjSd;+W?/)D4hqZQj72GhW;0})(@luonj.bw;65222775;0912706540;4513 4458 1411 2511
ilqpClRGgsWK;kNVm'h&Wm%æ£OdlDO;R3v9@øb49h.wtf;41017184;0108851783;0706 1409 9324 4433
AaUvpTaXØMøe;9ZN#z7srLA.^Æ7$Vs;I.Cz@æsi7..sx;33495046;2512821696;0354 1822 1977 6778
RFTFHHTZcQcÅ;Æs#E)&w5?n>HPY>tq;SVtK@6æv1z.motorcycles;07643783;2506818608;5215 2937 3408 3141
GbBuKREGpdBw;Gw1%O%x(#1éBbm}Å9;ø73R@8tnm5.crs;57676927;2602043510;0399 1896 3495 0899
zcjZnØSåXsXJ;CYsj+y>-G>MZr|´!?;4cVo@.343-.coupon;39740081;0110454783;0993 4822 8038 5848
oVwYowevSgRt;42ØC~T:Z}1j)qqx^{;H'z£@e3-ql.nr;83559299;0805710632;6443 0073 4186 9606
YløBYUUYuVVT;uft3<w-2gIQé6æBu*;£<vr@5muh3.tirol;27552561;0102022220;4090 6676 5825 4022
ppYCytRCHdXq;_N´.='uu-t)aK::o:;>fu-@ea1t8.obi;70449477;2807736437;3626 3511 4673 2404
RDyIKRÅjmspk; *linKd£rÅ%BOqu6~;ys}C@8dæsp.bb;49561709;0510023609;3431 1102 2692 5153
dzYkEzÅURGfk;Æ.m}/Ø<4åd5>`lE^W;u<Ji@gyvoe.afamilycompany;06100753;2912627201;7491 7316 5072 3216
cAJhqEcQGLvc;>{5zk,Xv)y#+R?&02;d6uF@yzxvf.at;66064898;2202171152;2671 0588 0975 6846
DåsvUKgÅDqye;%raUEé8^'':K98J+W;c1|0@4øk5t.zone;59683534;0302392005;9468 0018 6123 9202
SdmcQxbioouU;qØ27)w0UfÅ &b-_´i;$_'I@ybzx7.nc;71757200;2706009607;6344 2562 5793 5089
SACPømhKSQøK;M%qcT v6æYÆp0-pÆ^;!Qå)@2tuot.tel;94352933;2107753306;8008 0126 1641 6292
FHKpXaIKøxYZ;Wf5ÆXVMVXs:Q?Æbær;Dæ3b@ø1e.n.xn--9et52u;40122375;0401629882;6247 0055 3747 4180
ugqYÅNnæEiÆX;-$)5lVAF&(Nv+Ø?mU;Fm L@ja0co.pccw;63561071;3008881358;7700 3025 7959 8630
æBøhÅBqTqDFÆ;wÅ~m-=C5jw2=D36i2;rA*X@500f5.wolterskluwer;01582437;1712135340;6177 6162 2318 2193
yoåmwhaTmsbl;Ø4,5Wué.i'#E>RPyf;øxzT@sæ422.cv;76468628;1311030139;1344 2792 2903 3669
brMDzKwæewQØ;BRIÆvMt?!4|8,s^l=;nm(å@a2a4-.news;53161563;1906270826;0319 7344 5224 7232
DaBåØxrjKuMk;^m6P|uA,vl2f./U6 ;S,XN@q257m.xn--fiq64b;77657287;1609857508;6133 3300 2610 7449
dvmæmÅFroYhØ;QDFBS~Cåhåa2Eæ&Ø,;´6£-@wxeq2.xn--kpry57d;60068811;3112712410;0690 6412 1860 6742
ZoVIqVEIDlaT;G{Æ&Gfi%nÆalp*nxr;p ´0@3ps.a.watches;73635470;0912883949;0073 8557 3073 4059
ÅÅnÆnPquwMBn;MYåp´=%v&-Bqu&.!';æH{U@aj2ri.obi;07233045;1312687085;6398 0555 3513 0959
InHkDUuRyæoc;q:CØ,(kD:nV`x&6£h;_(wf@exwnt.express;28574436;1506068122;9675 7344 5941 6218
AfØfCGfynqoJ;DmP$F34'&|5F0%æN~;sébV@495qh.rw;29618851;1712354360;6222 0924 7634 5778
dLÅzGnOXmLsc;*´'(´pKzYz|UU2L3$;i*a!@rp2er.quebec;20842009;2604510379;4738 9837 2579 7820
VvSadHXrLØÆv;_i&:WVh!:-ng)`Øtg;%CO)@nø-ø4.gb;08272657;2709062932;5191 9576 5251 0774
duJhvCywfiQQ;>YLbæB!hQyd)=z!Å5;zs` @72b6m.zip;78207538;2202939123;7377 3302 0482 4438
fÅæEhjMåxtBL;ocp!QWiEc'`ø=pÆy´;$'7+@n8m95.no;06517230;2901964400;1817 0334 2864 3128
EvWWWZwzmGåb;F6øS~T',éaRF:L>Å+;Rjøs@ø9jfg.forsale;28649527;0207060194;5740 4273 3200 5734
sIUwaWåDsHhe;P'Æ9F.?p.{jb_1p)m;`H>æ@1l5t4.dunlop;24750024;2204247911;7923 3596 3471 0048
OøphYNEXLNWm;&{NRNt(sC.SgWn}BÆ;s ni@gqm3l.asda;51198749;1011996414;5770 1225 4448 3851
zYgPHvåhlFjL;3+73ÅA)eÅ£LViPgY!;=:IÆ@1yoiå.digital;52727461;2908135620;7674 6474 7995 7604
ZyVEIYVhaIÆw;za194ØYGRvNaeBzmw;*?!b@qeje-.solar;65085823;3107749186;0051 0193 8101 4790
ArlJCjBøqBop;%v6åz´PVmØÆ<Cø}Va;QzPP@7snn8.nico;47127565;1509754965;0520 7230 5256 1188
kKvszGeCølææ;.zø:.YL=Åfql<o{k:;,1_y@51kfb.xn--qcka1pmc;35636394;0404332490;1244 9021 7710 4031
dysJcuJQxtRN;£q&3<z4<8M:A4rs,$;%pjÅ@41nf2.bh;43840498;0607720738;1206 8218 7452 7772
æqåhXJGDØObD;£t<8%tauLw^ø'yg5E;stéø@ygåd5.club;97465377;1811881801;0877 4374 7800 5964
NKIvmMAaÅchP;Mæ|!WyX}7 a'ZLGxm;O$æ*@ccuuk.nexus;74582967;0212107239;3778 1920 6085 6555
eoTØCwgLIZDr;A,T_å{SiMY´j(,V,j;/}wn@key2..rent;05482731;1002589660;0068 2047 6217 2531
uAHæEnvwLØyz;95{,XS^h9{-*!4p|Ø;%æHC@-tdcc.pf;95610517;2004090988;0953 2259 4823 0494
ytyVmæUoPWKX;£<v#j0ERH2~´.xLF£;0 Øw@ænagå.cy;17637561;1403667125;2394 9035 7576 3324
nDOWWKXcUVKp;6pP£:|é2EHQO4_TTz;SQ^!@iaiæc.fedex;90856049;2212424083;9150 9749 6551 4683
NiKQKpÅvVFæØ;+8EA<´1:.{/Y&j?eW;´mab@n3x-9.baby;89284071;1208239739;5724 8052 4200 8163
jGSFaXcIwJrå;(:£pn´J$)8u3SZ+T4;vtN+@g3gkd.ml;99074518;1311216283;5850 7959 5444 6253
aÅhBnSØOæWoo;Æ!BPr!71)Gn´nM=&.;ÆcOP@åa910.er;95044502;1304415190;9042 4593 6087 1054
IJUuTNSuXLÆy;Y?d/!?iCØiÆ<´)_ØO;`´1d@xrd.d.wow;07391945;2503363332;2480 6730 7736 9831
GiCNMAcxXIDq; <z?´mr£Akp)&)Léc;AÆ`G@ct0am.fun;16325112;2803746330;8067 7196 0051 2765
XTBGVÆhTlEFu;X`u|U49øtfaLy60vP; Ne^@td-ir.camera;47904997;0711507264;3080 8657 3810 5264
CÆMYXdAlvodW;qlØ)3mI0+T.AZ/Vrt;?1vk@æliue.basketball;96448940;2901860192;9955 4433 2476 1102
BixdNUYBMåig;åPM/N_hDMæ´A%9d$p;wks$@b-sdl.amfam;48849382;2103803244;7664 0816 0576 8268
YETGUcvÅTgPL;Å2a9bguX*PEAqoÆ).;ÆtJ)@åæå-4.sandvikcoromant;08561409;2304916543;5285 3682 8375 9475
gGdåipKdiOPÅ;cÅ4ØQnNQJknwTgqA-;J6TJ@4mv-p.eco;58449193;1502425435;8860 5253 5367 3302
PuDNGRZlPmwN;aI=0gsjKZ'Ræ83/E ;>Av?@guæa3.tdk;06426525;1006745918;8713 8042 5065 4493
OtssQlXJnØBp;<Y9)aX*!D0m,=mZlÆ;v9åØ@pinuy.okinawa;31926540;0707873426;1391 3255 4865 0294
huMbhCuFeOiB;Bab,A0qKV´oSÅy7>&;({8o@kz6ø1.azure;11053201;1805802401;0170 3518 9652 8304
ØAhHPNRØZZØJ;Å~RSM{XDwP)rå$<aK;h#´ø@-j41b.silk;32907238;2403405852;8661 2341 1586 2714
KaæSOEPhÅGåB;jq%æg|´<j£ETTZ&w<;8&v8@u6jmw.flowers;10316539;1201667387;2948 7256 7910 5687
yPUlxbUÅYtkC;æY^Rx(Q3*ué':|{OQ;A#qq@okqif.asia;08505513;0802290446;4061 7916 2768 7686
tåHsåGLPYWEV;Å|{yØBtØZ,EL*D:NW;9agN@46yeå.bradesco;92489907;2003826700;9894 3837 9284 9834
gCDXzvKCkCjø;q1R29s8:1%q{I:Æs/;e&2æ@xnaoq.lamborghini;61452112;1003003201;8235 3359 7924 4928
NCMKkæYoXvRø;Å'X}N=qrxV*|Å*1´m;rLV~@tblme.tci;33015098;0203419287;5869 3654 1574 0311
dMcAeeAbpåmx;BÅ71?yS',*´WEFPk´;p=s`@5.cn9.bg;25039533;1804741042;7285 4592 6186 8374
ZYPØKKpæFxvJ;a1s,F'`+æå 2æIHj ;/i)B@-vgæ3.akdn;70518193;1305477075;1398 6882 0271 3771
QsØVUleyrLiu;(V^$æ)+c£vx6c0~d<;VpmÅ@9øqod.aetna;19418987;1604323505;2567 8386 7341 3765
MZFSecRFsPvø;%<OC6AvoK&Y%&M'^{;q=Æ)@.d0vh.docs;19836329;0405592398;1408 4301 7052 1129
JMezCHåwÅZCU;&v{~*g+dF0qGAOm#-;pI5$@bfåvk.softbank;83057314;2604284638;5248 1924 6835 4092
VfnrAQPiDLtD;cMh5lkm8A£wC/)0BU;48Ep@an.7h.mw;53963836;2403032568;0107 5944 3119 4848
liæNjTjBpSQt;Ex'_x(lM_R8H*nXqv;n`^l@394g4.netbank;29986307;0211724269;5167 2577 8246 4492
OmSsøtrYØmee;Qpu{Ksw&æ?=´ØnésY;rSB-@åæazb.ericsson;54010907;0702397294;6545 5118 6354 0477
DPbKDiBæKGÆt;s:vWgt<:=<_å7+ÆWY;CA#v@0d4.o.store;57664007;2508447496;6266 7611 5311 6309
ÅxVrBRuAbgpw;£Rfp=w$`2&'vuT!nT;e0S6@8ax4v.edeka;78998671;2806412328;4640 0915 1566 9096
åTeCZZPRALyh;a.>53eYvS6HwyMU5:;v.w1@h8hck.ong;40282921;1204251726;1798 7760 3640 1360
aFdÅoAorzgJa;+hPUt2H<|&l)wYGfM;upZd@4bq8i.xn--mgberp4a5d4ar;06247358;0907917193;6608 2125 4833 1788
kåårCFhFGWkY;Æ.HpQMEe7>*å:Å59^;,£~X@på-c9.dubai;44636462;0806935689;3848 6485 1206 2809
æbaBajNGHiHO;.|02a$h{gv6m?M9Xl;*Q m@5xå0b.berlin;52933254;1006506050;2689 9077 2605 2938
PxKVuWjBunvh;JL$aQGY|1md.xhl&4;uvAø@fssp..northwesternmutual;20597607;1609248765;7122 4435 3338 3048
cMøUlyWvXØpÆ;e£S.6=ÅG0(-Æ0kaøj;`vÅ_@ø-2-v.exchange;66687372;2309711672;7873 7317 5284 7235
NFyÅPsKcZGVT;,i+J3J-#ØMsk>3ZR`;jp<r@9r0nj.qpon;43560126;0307924900;0233 6085 5470 2588
ZlaXnLåJxESo;1d6på'!e9=54é*un_;lfS|@cw05å.ao;15154502;0205093923;4169 6991 2744 5127
gTmcqmUBfkFO;Å6K4(CfuuK,J<5jRo;'d{l@åpø1w.fishing;26860951;2812176652;6129 3278 3799 2287
ænvGåjXKCAIz;qP>5#1?'æW7`XwLR?;G,r_@bje5q.hockey;24457753;2404045329;3760 5728 0139 5221
IogDFCkveqfA;GØ{æ*æFnQT7ølm7_Y;,`$6@8ulh8.kz;02684386;2109049436;2740 2299 3100 4357
BgUCQGmyAtzC;-+ybOk+$exsjkXm34;7-1'@yvpsx.cern;54879716;1207302135;6855 2616 0251 0530
SFXÆriMJåqåF;ls/HW4oJCtS-1acN:;J£gM@j5h0m.bg;29109770;1410893416;2551 6985 2916 8577
OKæaVUZEgxEX;.UfQ-5n#7LfJ9CBDE;c+SI@k5å.æ.abogado;86053543;1003682966;3974 9308 2116 2404
bOAffTærEqvX;q-<>xz:F`q&ÅCxnMå;~01_@b83-8.mobi;01713298;2601920916;8573 3003 6028 2036
æfrImnNPVLøp;EC93:F_:`v5yCsN1.;FNqH@b-4am.playstation;47098222;3107195237;8466 0893 2170 4423
DRKrlPØNUDmR;mzBVÆ?%rAEL<4('>?;)a^0@ii4um.as;50391295;2509424805;4092 2125 7208 8640
XEoSVÅOaiTYt;K8Å*Krckt%sN_/O$-;yK#-@bi2f0.tours;85935373;2610031423;8654 6899 1938 1518
RnSJsÅuCjkBK;b'U.s_*<ÆLg.*#*qu;>sØc@r46lq.tt;69107059;2005769321;2016 2179 0701 0621
iEqLBoUDWrJH;0GZv976Jy4vøRf$am;{,PH@kys7j.bbva;77827086;0602047202;0397 9119 5673 8444
HGhqRduFåvyÆ;yDcPQWC9m|bcåGTZ';y|Xm@6pr5t.xn--d1acj3b;98719763;2203252695;8129 6925 2411 2291
LSlZlfRAKæbf;~C.NgråWIdP>tQy/8;hh1)@11wmy.xn--jlq61u9w7b;47522241;2802111366;2818 4492 0437 3878
bNØwPKØWYMLø;´U8.095WAyué*~Z´f;TY}C@baarf.organic;94438445;2708917624;0284 6108 2996 4339
kbjYBÅØsNmmP;k#~52_}UA!B6t 6J9;Oy!'@amke5.coupon;35131906;1606843875;8871 8858 4317 6614
ksØivefÆbJSC;868PEqH3Lé#KTfd>(;I`y<@åd-7g.bo;96676956;2204769292;7947 1925 3478 9446
piiÅÆFweØNÅb;79Qb%ØC2:patl>PsM;U|}T@j1-ay.xn--flw351e;98465682;0208998005;8866 9456 9346 4554
CHEkjchnwhOC;9O_M$'Å:kG!,syJ#2;K 7~@.x7xj.fj;30326384;1208148091;7054 1920 0189 6070
xPxEEDjaYsTl;~9Cé7q_Æ{3>Si$GSB;0O6K@8klh2.voto;12878733;1902571996;4933 2706 7143 6163
UNXwjbætjNZO;é´+~D1R?_ko{$w2#c;rMI%@1pgxa.bcg;62156673;1911812548;0921 1564 4945 8807
PpqRÆlyåEWpÆ;84%*My|z,|ku8%nx%;L>Y*@9ysbd.xn--unup4y;65755617;1410442988;5483 3922 2331 9174
FæKwoZfEyLBE;YGRJBo5zHLoJMXCh_;qÅuW@er1w8.ec;84270009;0112864369;9752 4590 6749 4614
BFDGoINEQVoE;Æ?wMf3jf8l£=´I `V;DqM}@s0cla.lat;78803166;2403893512;3800 5011 3217 4775
jijÅHFBeXKÅe;0|o_Pxd&(YæpC*l£M;ÆKvi@q.cel.charity;31237007;2507622464;6555 4175 3930 6656
wYozqfijtywV;iæx&)T´{'Uc8q/ø37;}BLD@c.wdg.webcam;43486664;0507321208;1212 1551 5363 3676
BPÆtYttBKtØx;iz}Bh=SxA+ZÅwøFed;|kWZ@sl-l5.finance;01343372;2702573249;6773 6285 2835 7809
LidiJtpmhmFb;`aY)i2,o%lM28cHu,;qÅe4@lsvtø.fresenius;04900745;3105465890;8844 5874 5585 7135
aCxpaDlIwqdS;oijz£OtcTZ4TP22T´;p2~&@tchv..delta;32265166;0109982580;8166 2016 1150 6137
dZvrjØwiLfÅC;dAh})l#-8?ésD%VFs;15mÆ@tkam..fashion;69251199;0208140205;7315 9081 0669 5321
uriqQlHRSPBC;c´>4xlJ|63$å43~^D;&a£(@ø3sæp.rwe;43065275;3110872169;1609 7916 5681 1061
PMYXaCNxjDzg;%:hN:D8Må!ÅGÆækFå;GwN3@ekryb.xn--45brj9c;87893764;0710787786;7259 4537 7523 2898
ekkcOÆmSÅvvz;nSbRa}{Y),éGææ,a=;T*Sq@igzæf.hamburg;82204290;2907594818;1337 6031 6842 3377
hMpQcoVscXqq;)F*GUW065VdTbJ<)R;{`Ky@4zjjx.circle;00418881;1901196504;9102 6310 6772 2164
ånøxnbenQXfp;|>cIL~0xæNZGyvmIf;OÅkm@6s.ae.vin;52181451;1812274216;8256 2215 9526 2127
XFÆtJwhmzNDb;e£ørå$+-OqYJE{Æy ;B(h8@mmehi.re;29958367;1502663093;4210 2686 9588 0211
VOyBTBCøRZsv;}JTc´D!&%$c&E<)XG;æ(uÆ@7s5vi.politie;64350178;2207663509;1116 3009 7343 8750
iIvKAumjGejo;DNbZ{3BD£q_(NDLWu;g'Lh@zapåk.xn--ogbpf8fl;05921439;2310724540;0424 9264 1525 2082
HURdYkytJiCå;P,bC Gq!W$6fTpIM+;øHqC@s7åcl.emerck;80576586;3008378060;9172 1651 1712 7558
oUfVUGiDLjxJ;M4.å{6.jÆNvR#MQ+$;itTZ@c1po2.gw;84526214;0105885687;0848 6930 2848 4788
QJHPUæKirWÆZ;hy533-FgU£O5A´g)P;3.18@-ø2nt.gea;52793899;2205600348;9976 2347 3970 3069
SZlhQiAsmbwF;StK-3X3FF-f>)|C$1;(MMÅ@2p95n.army;87268128;2207929894;0884 5332 6531 2562
gADoUrWreAEn; (P£J2$+G2Å<i3 cq;9léx@riif3.moi;59611818;1207780207;2183 0896 0110 5684
uNQjGåCcÅHCj;{vp#t%Yq6J%-/zoq|;IuOL@32rnu.tips;38645704;1903903593;1978 0556 8401 5415
PQtØilZSKeJj;>G~-D |8£E&nkæs*b;enK4@ebiz..bayern;34594273;1506124286;7678 5522 6546 0597
XapdtkFyyTyw;Å9bZ0$EO(*._6.w?L;_r7Q@v-dzu.xn--30rr7y;45140887;2610981820;2909 8512 1123 0010
vnknTcbvNrrQ;#v-.u<Op-o1FOc(%&;OU'1@dw9m5.gg;67870847;1410696017;7995 5214 3646 5095
fMdDmgNWjbhW;5W1hjOS,æåné0qXQ#;PbL.@y6ujø.pn;68321209;2504886924;5921 8292 1371 5085
IIÆHusKEVømU;G'Tnxecå>}U$4K6vø;XN~:@8ed-y.ck;70352607;2608048050;5548 9280 0921 7406
wuMYerMIrvSE;æ C`)R8<ææk27iN{.;UX,H@32.4b.wtc;74553712;0210961739;5726 5489 1540 1269
BsSzFXhDVqÆØ;r+,pAN^!:O^nxMuMb;:eåh@6.zm9.photos;52359070;1804327564;9352 3009 5568 8252
nvqZWEZFNqAn;2Xs`ø_SMré9p5,3cL;Æ=?o@g1z56.honda;81626516;2701374013;3632 8449 9968 2354
gDYxJdaUVImø;I 5~88+{vkkCR6pIs;}4eY@8coab.physio;82400199;3001786961;1843 4141 8249 6465
øzIcPcMUnflB;|DfQ2e%ly~ 24,$fø;éS(q@åa91t.holdings;31636846;2206494746;8898 4925 1325 5799
lååybUMwYTlh;Vx$Æ%ø_(y~OwYt£&z;ro&D@5..jt.pictet;33755751;1210407215;5191 9279 5991 9356
wGeQhrUhzgåS;Kqm4åsj*AZ-1OWpC:;Ozp?@uo5jj.crown;54773472;2509242871;8261 0481 0855 6669
EsYCzFVMHdæi;+WFf^lseFh-x_&KG#;s~$~@vyøii.se;10397882;0905452665;3605 7721 0760 9469
rSHGyBDROvWZ;v:<æøTuViWL7r5%kF; A%i@åagtx.bradesco;45340683;1412509923;8874 8173 2399 0665
hKbEÅØPebtQp;tF)K£éG2zÅ:Pd>W{(;)(28@jhqfv.tci;81335800;0308248542;2097 0065 3299 0806
bfwæLwLllUiÆ;A:c?RJ`émFf!nø:}<;-(H£@hådkø.engineer;25839696;2003751123;3889 8392 5738 4842
AuØGAhvkhøHr;æEap)hs:' n{>>=%';håu?@bl5ty.insure;16678619;1001342300;2564 3935 5177 3692
cuIArwZEsGxy;åzVsTUvtUTl3fiS?O;#*NV@9wkb-.yt;35468542;2309532492;7416 0620 0326 7922
DlÆøEmKsezjB;+*C/2+c`5nsÆW^Rr9;qGW´@t92j5.yoga;23894113;1303237050;2378 5293 3471 4570
PltuiaFtflot;v+dØÆ5NA_LsØ|ø5.<;TJu~@dg4qk.netflix;96975910;2109408738;0537 3605 0932 0917
ÆOWwjFånyårÆ;=Ao*N=BO$?`ReéU^h;3B}#@g-ygs.protection;84464017;1211967192;9841 0159 9453 8981
OmDjaNmSfnCp;kObZ84.gjPd'j(0ÅM;cIg%@0.05k.basketball;81526558;1112060231;8803 2203 9719 5855
TONsjqqzAaKå;n'>-Ua-n?V7*'=D$y;#uR.@nloko.komatsu;06592063;1004720217;1212 5835 1487 8293
zXXNøOpTLZHH;Bw7kTY%kys`fi4=Wm;KyØJ@u2tæg.tkmaxx;52064280;3010749106;4131 5206 4718 9364
uCSdzfæsjkIW;7|øZÆ:c)=d|&.*fLÅ;psAr@eihdl.mn;19179394;1810074880;7343 2530 4442 1424
mARKuNThoZEt;TéhÆ0rBs tVWO/$8~;ba=C@mgøgø.al;72504665;1506721705;8359 9774 5641 0230
yfzyØgmxæVFu;WohØefæ!'g39øx~VØ;x*uH@ssn9k.fj;17645930;0507508332;2068 4911 8107 8219
UKuiNØYKGløu;##LH<y_U&A:EP7DAT;4Mka@1h6lc.xn--clchc0ea0b2g2a9gcd;27153518;1804288666;1254 8340 7897 2173
aMfCSEdMæcWJ;}5fZzCJMZH<2wY9Yb;,E.D@qry4y.spot;55663107;2812499648;1859 7377 8700 2374
mÆtQFauWBLaY;sébvæhS*)6%8>LSo!;01{{@k.rko.thd;67773186;1509953623;0879 7282 9299 4565
yPsuNøiUpsYz;G12FGU_Vw}aAÅh$$7;eQ&n@ttrmå.xn--gckr3f0f;57342850;0810676256;9770 5555 1253 0529
uCØhJæZaqtBV;}ZAåSqD9£B|V*0WeY;´+k3@84vø9.xn--q7ce6a;31707157;0912719979;6889 6170 7684 3220
sVNqyrønhdPæ;øs}<N1£01ua!(N!I^;Or^i@ndkqv.moda;92629600;2304340382;3048 1783 4155 7181
æVUzeVsØaVrk;)ujy^-$ZauéV!CSCø;}fKl@p9zuo.bet;85116245;0111738920;8571 5153 3853 2490
reWBrDvæLrkD;Æ!Z'5$3M_12)ØJ&?{;~DEH@m53eu.bloomberg;73050150;1710700407;5088 5381 6698 3041
LFsHNuSoSWiz;N:SY.5TVmI-oa&5mØ;gnåÅ@fazmq.blockbuster;65782299;2010956067;8451 8960 9618 5332
KUvWIplpRKCø;FJp,yC,ÆÅ^6G)H=i4;vHa)@lijhm.comcast;58129531;0712192283;1206 4855 3423 1900
lMafCtXmBzhY;pO$WE~Bé~AoruXuET;EWÅ7@zzwr3.zip;94345697;2911358886;1728 3432 0644 5333
FzCKlueCBRWN;Uytv0pFW9Vwu21:_L;oDH7@su1pm.investments;76420356;1701721221;3900 9306 2125 5845
UopÆYetqBQbV;kb!eGerHi?+n~Ypéu;å4£j@ov5ql.tunes;48168081;1205898022;4593 8738 3829 3011
SpleMNnyDGøR;kIxqTLøgs~7M%q£q&;/~6t@zgæh1.trv;48825888;0103872677;8178 6150 8541 0789
efgqdOiÅTHXf;JRu1B|hqz#ø!vK)éS;YÅGu@vo.1d.dealer;01530685;2809117610;1260 4349 2919 3245
GHlhczUæåVCX;/YpJ$V%6jT=|Æ&pIQ;Dæ?w@amåc2.gb;87452297;0206076224;6013 9443 6122 1872
RYCåQåDAKFrå;|m)-dJNØgK~f.CKe7;QCOu@6aq38.wed;76453726;0708697435;2028 9566 2755 2785
uPSÆbæKLØKbH;`Z.UBÅN ,rJwLnusL;+9V/@7wr.0.by;01349103;1010999657;7956 9707 8364 2822
UEpCYpuqPmDd;VæZ,wTdÅ*é{Sv&HIE;#Dp*@såx42.se;41974832;0702331838;8158 3185 4193 0903
våhnioGøøyDW;£G8hHq}G~eQ*^Lsiw;0#!Q@siå12.city;47629195;2406324535;1293 8905 1037 2615
øGånpppklØfc;zDmYoSb0Vn9bG5?=9;/s03@ok7xn.gives;19597561;1812972681;3143 9869 8315 6036
MZPPRzhjwzWy;wHé?|$$ÅVl9)Ø:lOl;-(o.@8g795.xn--mgba7c0bbn0a;27374764;0403337277;0675 8820 4406 8083
zÅIObfQuJOJh;(8z~g9*52Vqh+ÅTE~;wTp3@87ecq.xn--ygbi2ammx;63796820;2006230299;2089 0143 1788 6091
NqNpAmuHPøbc;`3BiiBq)^/M_TCWMj;(DG{@c1c3m.hisamitsu;45216976;0409259766;3384 3026 1068 9753
wjgRNjoBxaAV;jamui^qggUpYrHDfO;)iO=@8xb28.place;10945784;3012659147;7009 6159 7788 4049
URUøCåtoiMyC;H%FØdRø>%WYCIuwPo;q8u4@lxdcz.reviews;87954150;2602624288;3619 4648 8666 3975
MHfKgfasDDre;rkXGqØKHL3&&kv6*b;yæ%6@aæ8e9.school;59600827;1011822084;5458 2567 6840 1980
DqIÅLØnEJixz;eXp£HS.C.%Eiz,!QL;`ié|@æ8h2q.apple;93289763;2208109750;8943 6620 1359 0153
AdUåXFQlSLXm;NÆ>X0høE>5V(*Kuxi; nm|@uef2p.xn--xkc2al3hye2a;27294472;0706866701;4873 4130 8155 8448
wæUaWflwYeqg;P8^L%#+5kF3£(NMz1;%,H|@æjgø-.nyc;68004659;0108766409;3372 5650 0127 6407
FkhDTuQLOwTj;`t_$1£æq1uA+æ^83é;:dj(@rrqqk.kerrylogistics;70659757;2708518975;5089 3312 8864 5007
ÆIiÅOaVPSDBM;FåKObrO6-IÅ´QLØ9D;m35H@1gn-z.bargains;80473041;1806075465;2375 8020 9039 6806
åkNLØGStÅBLS;'heXX^øn´i3/CVGFp;3AÅ'@hm-dp.realtor;72313843;2609604860;6129 3470 0419 1662
ÅMQhØVqæLMfo;IC:6åRws?F:9o9Ømx;iø1E@å1uu5.ikano;42030113;2012011345;3380 5865 1586 3803
CSRåBÅSyekNm;y#y|2F #,0ØåmAVÆb;!AMz@øqgc9.thd;61767212;0703806937;7630 2274 9337 2395
aqCPrXøsVmzK;,v3u%'=L(f&:4vXyM;sTj{@c109u.office;69680815;1809742586;6465 3186 0070 3053
cpBmGHxHÆEuL;n3{£=4/´£lJ4jbøsx;£%mG@bæzrg.boston;11582081;0402262206;9015 6812 3867 3735
dwIwIÅlUøleC;2VKFSgfæl5$ji=*&b;æK$å@åelrr.xn--mgbi4ecexp;13034244;2106930298;3431 5496 9580 9265
WMkiÅJSDaLWu;b:pÆ!84Bi6R,xéÅ´v;AmMj@jc3wi.engineering;80809104;1008564422;2225 3386 9207 3115
DKAauwQMnjWd;iÅkfE$ørN:1>$g2Z);MHjø@e4ce4.pictures;05167293;0307051451;8374 5527 5405 1150
dkrNCVdoXSfe;rsh&e!j`´)E.HA,ON;Es0T@mwxjs.me;45652542;2402500843;9866 0971 2106 1831
ÅRGzlZXMVMOl;Øiøøm{s'p'D:CØ,mS;tRAX@t0.øt.pramerica;75978978;2305844520;3016 4583 2122 9440
nqQgnzYuhEwu;=aeP<eNU,KUKg_sMM;3W!~@emft0.tattoo;74456119;1607810270;9927 5725 6538 5869
fxLGOtuLæÅJL;64%&RØ}Q7`RWøåÅni;i4=W@x-o1z.store;83489940;1908898741;4482 9624 8290 4784
WxRctKXietth;q)rEk*W0Ø}nboO7AJ;`£&V@sz9pb.arte;91527887;2908699117;8823 2583 8603 3650
lllMIovnAooE;~has´rO/rK+9$I2u>;KKfæ@u595v.orange;68685411;1102516504;3651 3801 1875 0787
FXQIDUpQfXXU;~oæFJ)pk0wxY)kSÅT;f4GU@s5in2.wine;40568846;1207949023;5032 2271 6140 6509
fAVneotVihgu;tvTRA$-Ø$<>4(éfWø;D|yb@wxl03.ie;19226167;2805917680;9591 1712 2850 0974
saUÆpwwLyqXO;:tXéZ6Rub4}uT mYv;Iø`N@9c0v7.abb;08246367;0401148086;4933 0362 9507 1143
hQÅpxcuwvLoX;LjOæ){TCoyI&7X´}E;Hé/Q@ly13y.yokohama;63355012;3110613406;3356 7043 2572 1570
KchChwØTWyuE;G0HlD`3Hæ£X)ÆmY}f;Åxk1@b.y6q.xn--45brj9c;49699860;1606432689;6846 2497 4834 4121
ØEUÅlLsKeIAC;£'LWv´L#hR<UØm D0;O3é(@totww.pwc;65058675;1611046959;6943 7690 5388 6152
NcQQComwSoyÅ;.e(t_^0NaG>é.-J6P;.mDM@æy3nr.xn--9krt00a;59210538;2308709542;8950 5199 5542 8074
OjUXJfxbqdØq;*y´zTU£1Ø,p|uFw5E;Yskz@4h27w.theatre;78135589;0306433547;1087 2093 2822 5107
VTtbfXRQMDua;9wF`1IÅ`RÆPzvz5K8;YMih@9rø6d.ping;18722536;1402448322;5122 7838 2214 5416
GFeBsuæyÆlwb;YA3md?héé_'IZEuw´;t?1a@kku3k.aol;14778914;0105444184;8084 4615 1761 1428
wfNWWRAÅÆpVØ;2.f4i(sdU<mw|ÅXG9;cÆQæ@-jfht.swatch;02983501;0703987710;0513 3801 8017 1874
åOnplwvuhvop;ykL&qZ*qR`5{bY>`.;kkc1@æz.pq.nexus;92918768;2502608595;0363 6040 4418 3077
wrvakÆÅcEIqi;N/9géGHSjZ.gO?Nv:;wA!Æ@k2øcp.sina;41230106;1507460930;6458 1188 3527 6217
jjOUmzetcNzg;CO+K3N?+1=%!r%'<(;éTG´@ol5jø.netbank;60392230;2502279338;9973 9288 1167 0284
EbsvDtPQzXWc;a<#qjq%&T6_$>!-ø.;Bd´H@tøe9z.rexroth;02944155;0305957186;4623 0375 2742 2159
GÅfdÆzøweciJ;qXh^!fA{>T''%|e ,;ZAJE@r4ø.i.xn--io0a7i;22439217;0507715362;9040 0921 2254 8984
ozNgJErRvÆKz;*b%e0wkrYk>TlT_oA;,VXR@ntsm2.camera;99798091;0711118284;1123 7418 3680 2784
rvøCotÅNqyjF;75,7CC^på~EcL´o.:;Wh03@jriah.java;81284830;1002718525;3366 1590 4628 8382
nåAJMQDØeabÆ;|v')0NV1Fc9v6Z5BH;Å_-y@qgz.g.fyi;26505186;2411164481;7143 4865 0179 4591
ÅgXxFQKyÅpVå;yÆb=d5cQØtORæWl$J;m>f^@ho6o8.oracle;72699748;2404859504;1389 3892 8504 1815
bdrbqYDFEåsV;BhN(X1T´Qu|WVRFn1;=*E}@vayyl.ist;92050977;2706558775;8786 1460 9674 2450
IfGæCrVHDYXs;J-z2ria&kgBFÆ8JÆ};$l!,@gp.æc.ovh;28704385;0810794631;1227 0127 1479 5234
NeøåDÆQuOihO;?0'$QmsN/´øpt-é~i;n11F@vmi6e.maif;73661061;0404552180;2776 8237 0048 8110
PwÆgbØZhZræV;ET~åQF:´7i£}zVq>q;Ylæ&@r-hr7.work;23206471;0307447002;6132 9107 0760 8011
XkdkWJwiZEcF;EyW´:=?oqErOJÅ>!N;h>3!@lø6tn.international;16629125;2906969001;8252 7431 7908 5587
FjqFJSdGAjIF;cy>_15,I%8/!uaév$;u2aG@r0ct2.ses;56172807;2504232770;8122 6702 1375 2914
MpfMFfØWjXSY;^NKfhPGFaUN|m%O6k;O-AV@eec.h.dupont;20724170;0511482593;9079 8044 5558 2123
ukåIbØHupMmY;W 0dET6J' icYeb,0;HEb`@ihrd9.gold;70188137;1110833187;0823 3632 8025 6345
ÅvHeamWUHUkE;22H|A?Ié$?V!FxLYD;m+Vf@g3p-æ.aquarelle;88695950;1712953825;7887 9671 7653 4032
ÆnlRcUCøoXsø;t8*FUCa~T(WsYZuyg;UE`/@hlx0o.you;99525420;2404965940;3978 8702 5537 7119
prIMlYOvWqoM;s9VI^*p5Y8cta{tKb;.VOp@7chot.audi;33120599;0107481141;7934 1777 0596 3494
ItubHLefTZIc;99U!vlvVG {.0Tv._;9NLi@7-ott.kpn;54158512;1206931619;4932 4221 7820 8303
xTkCvJboGVxE;yOJÆnkc(Oz#b{ dh£;)YI/@y6yl3.banamex;36875777;0810059966;5585 4680 1204 4062
oZEKDkEmqeåy;7Yp$Ø!`JéIeo{rTpJ;5aNE@wr0mm.rentals;37907204;0305865419;4429 8588 9305 5041
FYgUrCÅLEWQæ;&{wnvjf6GCÆ=rU58L;AZn&@62s.v.forex;58107420;1306892033;7405 2279 3942 9480
XjfgDXxMxfKZ;æAåpB´åø3Iq?E7h{{;Wi(T@ø-p2h.storage;92203543;1809946220;9935 1827 2009 2952
yFPØJlDMæwÅO;L~n~OfKanluzA!YRm;Yr4Z@c56øj.vana;20767518;0610638147;2759 8970 9759 2742
otonxbsQfXEt;)~>~>yhndlPnE.('T;Mp)U@.l4cb.live;89922069;0610748090;9227 8149 9975 2215
sdRMmzDTZrJF;Ø7#D^vt, d/´´)OF<;EQ7M@tø9.r.gal;86643699;1802030696;7521 5941 8031 2651
ZrjøKtrAfkaG;UvYorB:oj!>u6NQ0>;GéKx@mc6v7.barefoot;01186978;2811186115;5364 4755 9781 7081
bppLØBCHBlÆw;lKPu-s?pxx'Wz1`3=;<((V@a-mb1.holdings;90428192;1510652343;2759 9785 6216 6913
CICqzmbyFghA;-Å=A)/baT<z}D{VOY;å./9@pihrf.travelersinsurance;51194746;0805882476;2629 6668 6760 6266
jbtfXvBWOxØS;£øéMW-yrz?Få}A:iM;P4Wt@ehvse.gbiz;49887228;1007841422;4455 3302 0811 9638
HHsehqgæØsTN;jx4$QH grNW9FCanE;}y=~@amyyf.ua;38485338;0208247050;3408 9851 3772 7569
IfkvÅUJrqWzP;DU8~O2(}RY/2réwFV;,ÆMz@73vlr.sz;08048142;1607868650;9254 3853 9046 2015
KÅøbVåqUEpÅj;e1:Vf9K|bbP)N^!g<;h8M4@tkø7o.schaeffler;75766433;1507406145;0799 2906 0519 1394
åøhBvQÆrNIrG;#3%6zF6~mq*0-vCoK;æjuh@u6tgt.gay;20899799;3101731099;5698 4015 7624 1231
CwBccDwWDhlæ;19_km9I<Nod%BLE-B;*åé´@2cnse.beats;61721265;2407850443;4390 1155 6494 8242
ckssNpakJkxc;0f3Ay_Ij+X`åH,+ J;+L0-@pqasg.space;77803391;3107785069;2093 2462 9985 4761
RøCROswøkDdv;g`<F~gp<|ø,eR1=r0;21 +@phæud.delta;17115328;0110192339;9932 3154 6259 3125
XpåaAyJyYIån;kS+q:*g(..5PjMu<l;2æ$(@iunsq.virgin;99185959;0704627017;0675 6554 5975 4078
GpZXqBnUFiAJ;tHNæb%Be1Fa´{£o<D;uoMt@mhepj.qa;74405366;2104225198;6291 8844 7040 6340
xucøOøLeEgiW;,f<sKIc<GHKl>1.k#;ee,$@å-qol.tjx;76190385;0907323943;3879 6232 5415 8968
æybHeabQnrrN;`ZYéyBo3(3qe,w!(#;X~$&@mjøx..family;38346759;0104443052;3056 7255 6818 9466
pIPljRtÅyåjz;~B*yP.RéYK5DIJÆ+t;y+M5@t94uy.silk;28289724;1401208786;2194 8527 4051 3572
XtPinæØAXFov;!<9BåS!xcqhfUVeMm;Z^W,@-ftdd.dog;12422811;1311769711;6099 4575 2221 4386
YGIbrtVMjJgX;nhEV06l=~Ohp/*>£X;/LzC@hrnik.xn--g2xx48c;55796050;1512550580;5470 8662 3656 2322
TGMLpbSMMHNO;2,q ÅB1+´%AY`M!ct;X,x~@1ol8f.rehab;93099338;2308005723;8986 7616 9868 7321
EmGYBpXvxcKH;7Æ1jq{uØT%s-U,1/?;8yjs@ralg4.abarth;97224899;0202252796;2491 4802 6222 1885
XUESØfBxDqno;#8v'~ID~D.2e(Rgåu;QRp#@kjkiø.reisen;82322599;2909073904;2699 4520 8969 3489
tgØåÆNØSåZXq;(WToÆ2ld`.?/F7b&æ;4xm`@iqåt6.berlin;18084112;1711009074;3690 0737 6289 3530
VEdVhæsiftSi;PXD´M}qsU+$0wg`£e;G5z:@2.fd6.shell;96244806;1304707760;1490 0263 9011 3585
OzvgWtUPCgUG;hSAXdCeWP-YUøX1.R;=å?u@.9h3v.samsung;52912141;0705865540;4236 4299 3803 8823
otmVnkYLJZEe;0unyN'<^a)8We£WE/;´xuÅ@æhyh1.autos;03821023;0101324753;2256 6105 2258 0227
SHLgodSPDøGB;~øIP9&Å-PuJ£=å_=.;6b2 @.x49æ.gy;82879460;2710477496;9073 6746 8278 9898
JahEEæjwBVzX;_(i.*}ÆæN9ev{x:c4;£CO=@mi6v3.pioneer;56732116;1302695306;9567 7313 2014 9689
QBRHRæMXGViX;Æ?t_ø>.!o{_iIe67g;EÆ#!@åalgø.chintai;43964143;1507168392;1671 4526 5841 9278
NfpOwbwDgboR;yJ:BiLptée}0 ( Qg;w8z#@rjrdå.xn--j1aef;16008273;0109467413;2058 2506 7158 3720
vmCPWGgaJViØ;|DcLÅVØpGLØXæ:$é.;/wyL@wwq-a.republican;08816464;2006146727;3856 1262 8076 7882
TuYJSNvCAraY;p)£V$f6)v'DNt|Bj´;CS2l@4xmaj.adult;69996329;1507609135;5742 1422 1309 2481
OnjTpqsbGEuM;AOm)xtueo=8sævJ&f;0rSe@72aj-.tc;17047858;0112678832;0159 1634 5602 8500
CdAvtWUucKVQ;i4MP0D}aJ26&>(1y0;Y$)F@s367v.ne;17301795;2501221514;5373 1490 5881 4379
mmMoeÅfmPæOs;?S%{Sæ_'#+Æ~mz:#w;R!jS@v8282.hyatt;77669497;2501489789;8890 3943 1939 5028
TBTølMRålxCj;Æcet>£b4e:PmHå3E_;ZmCw@a8skx.sport;17818586;2111636241;7512 0383 7305 0679
OQaVkqØÆfaHk;j>a?xfwæ<Æ I5æ´5p;Oou9@lzs5b.channel;14377094;1006562546;2786 1971 6641 8995
RAMnRÅcumrsH;åBb~mhtb(XIT|%i`V;J!Xb@m2kua.motorcycles;55101327;0804909842;4544 5260 1750 8515
OHfmDBnUpAKO;D6! r6&x)#WZzmPWX;6x1K@7lewf.charity;64341179;2211209545;5672 0629 0279 2759
IiLæGpQGvCJo;N:X'L?&XVUIÆ^I0&.;{$?B@7oåe5.open;56254044;0210003207;0381 5039 2192 5120
fÅUILBXcFAmd;Jp}wIH-hmaOAT$V3c;EUOf@wør46.ibm;95295626;2202868099;4469 3537 7511 3540
CÅBÆRCOFuJkD;AjA6CmfDz.=skwJB5;Pg-c@vmlcr.samsclub;01404217;0409823599;5817 4737 6991 2908
YzXØZIøXCNkW;>WFxVÆ)<(sKWåÅbé(;_:UV@ø60s-.athleta;96031764;1103371852;4468 1495 8295 5464
rslNOFWfMsEB;Sæ^1eN&>b)PrAgK!+;N0x{@1mqåj.saarland;18790998;0410249030;3236 6707 7253 5992
YYøØYOBØsjgo;5S/éMØpktm1}oxy2æ;ÅTH=@72lsl.ac;51317928;1201761464;0794 9679 6086 1944
ÆBbhNQdhflHk;W7>ZÆAYgJQSwny{Sw;ÆY£H@now4l.md;00688223;1905071722;2780 9763 9744 2089
nKBUwepNTAes;cQb#G)W2yX#jgV|a?;rdkt@c4hpf.ltda;78523071;1203436820;8812 7342 0565 4795
NjmTtuFPpoXH;!N%F)méW%pBDeu{?*;éoYB@årnlæ.ski;12289527;1712191534;4935 7336 4404 6615
oVKANwÅDgCDd;|A2_iø)æexÅYåG_Aå;pZ£.@e40nw.gold;82230856;0207410845;9908 4650 6304 8423
TFVttføOolPi;>vtiN'1BlFPF75ÅL|;´pød@ccc02.kim;34127134;1402190830;0286 0513 0043 3958
jGÆLDDøfROzd;téUP.Hx#é:QM{_#.|;ÆhQ{@e0gki.taobao;91039998;1602305534;1403 1844 9693 7039
væYvyrKøssuJ;$Å£a5=1D,G6æå>uK);yUe`@wzvu-.xn--c2br7g;84623781;2607830285;3848 3493 1373 6183
YRåFLHOmLØFA;fs}JéUcRøuåpM8fbf;A1#´@5qå3k.budapest;84190036;0102573838;8895 7852 2895 4488
yyAlVJYahxIJ;´RT&)3$NkA øfÅB)H;Ph5O@.1a4f.sarl;06432506;1810008586;8835 8452 4333 0489
ÅlQrHscfuoåL;Uæ#=$`g6>2{yFuvc+;/->+@rn2uz.google;44637949;1405760866;8895 6989 5852 5231
LTvåZæypvIra;J)Q#W£SGp%:MG~v,U;éø.R@4-2hl.sx;91752454;2208456604;4444 4460 9986 4209
fJVdxBXPmylC;X_IéZl~zx#Dh6A(C.;XvX(@atcft.florist;82386426;2701175924;0638 2516 2992 7672
sQEsNBTGØVTB;} oC.<%0|Rmæ/`sH~;U5E @4rlrc.icbc;48945676;2908629275;2080 9100 1782 9141
ckuWpCgeGdFø;ÆX2|tzhX1`>&/0æN/;2lL.@fmehy.passagens;30236242;1907722348;1525 7244 0923 9198
eiGXEdSåHmfx;YzmrEpwGaj5L'PLWd;pM)!@npe2s.cyou;43274726;2912546767;8585 8505 7191 3006
BSBpSDocVRaC;ZZB64I?ImXB+$O9Vu;>#øc@4nt4z.lanxess;10729675;0904964352;4145 8036 4871 2177
iPpceLÅåaÆpr;<7l£JD<hÅh#P=o£cæ;~L&$@-whøæ.xn--xkc2al3hye2a;79847623;1608830193;1251 0280 1829 7346
SKæÅjuyÆnYaE;$/é*HBJji75&yxPbe;uUpb@lk38j.sohu;03144848;0904930024;1978 5815 2300 1126
BOdmålsvpzKN;)tRA'L%Å´uBl(X|H´;£%^5@edt2b.gf;08775637;1205497613;1336 3194 8489 1003
ØÅwgMSpSwqøe;%`Y$Hp6(JdxB tv?l;K!,Å@3k9.m.dds;86894221;1408804341;2878 1771 5869 2699
WpTJPmQfØhPJ;'MQ8L-_ Øen5Y8jéP;9Jlt@vogsq.globo;50698122;1008841779;6007 1480 3784 4815
øEØRSåøtÅMWt;2V´<,L'6`N-é,PSnp;'/Gt@qt42n.id;72891936;0106632090;1795 7295 4564 4865
ØøtPÆåmwmpXL;hLnY.£Kfbr7,=6KåR;UZé4@åoivr.cancerresearch;37095037;2008263976;9216 2385 9464 1149
RÆBwWænoHxSg;M~ÅqKi££8XøuaGr$~;TUØ?@9foyb.la;32781402;2008653260;5078 3268 1908 8126
xHgDIPUJløTp;£+}z|Jw,6*R2wtg90;-/#,@aæo.r.pictures;34851952;1808779508;6280 1436 4017 2579
NwMHrNUmXåfn;fLKfxæx/a2^^_(!$z;dSVo@lhoiz.lefrak;45584375;1507977088;5857 9392 0549 4511
KXybXPBqDQfg;^4TVZnHQn~4Æ/cS`£;p_&O@fpce5.travelersinsurance;24496806;0101138178;8810 7219 7620 9208
eRøkbwMjOrGA;gK')H>lL2E<a_4#´£;3pæD@mvøæ..ferrero;79671094;2202109651;7630 3084 8286 7396
uedoxxhdIZNW;k*.xZ5é'.b>`wæÅ$I;Unæe@3mæpz.xn--mgbaakc7dvf;74625088;1001197971;1980 8987 3236 4582
aOHnpAuvHøHy;2'UæpL´koxÆÆ8yWH0;nxtr@leci0.homes;44923129;1502798231;2636 2353 7309 7203
eXzFHLYqqeFy;o)}S$2´+Fi7#57WQ1;n5gg@ax3tt.xn--mgbayh7gpa;13968938;0203227302;8483 6592 6269 7049
mJæcdAoEBOæn;K_ØnIN^ ut£0c73LL;$(#t@.e-2t.my;75708043;1206150374;9852 4920 0497 4207
bYyhjmDFTlØC;bVtD4qFKl3æSclQ!e;XdWA@n5fwl.pay;91729043;0807103768;4143 8548 8375 0788
JghÅqDVmÆspB;Koj`}Å´'3E4q:zQ T;|qnA@5gyøå.nl;01161844;0405274442;8841 5011 4114 6228
OHhæåUenxKåf;1éFG#ÅW£<1p?|Æ+ÅX;æ7XW@rv-d0.news;46672969;0805141735;9156 2267 8105 9938
AZsufFaqyOkQ;mdMXbx'aLéP{)w4Oc;u$Å!@ø8.lp.xn--b4w605ferd;57975661;2303730403;3671 6899 1716 7397
qfHØØgGpkBuw;{y,k.I>X)PØæ<$J.$;hA3`@ov3ke.bestbuy;57870302;1904703210;6200 8474 3567 6951
TfØHdPXøLåqæ;W(M`*#CqnWLT#*nL£;ø8Uu@3dæ2æ.alstom;12006739;0606540752;1085 9424 9338 6368
jnnxnHYaEaaT;n eihAHvUT}+{Hzfu;u#fB@vgajp.kerrylogistics;89191913;1009997527;3056 0024 8340 4813
sqqVfUEdCpPP;LIq.æ#y<gwA5N~.V£;Bwpw@qb1fz.dev;40993181;0809227316;3391 4467 4838 5965
CzUFPfrpbjBb;o2 $o£Åi^M?sX)<k?;a'I(@c.2.9.jot;88899323;0408434807;4738 7680 5412 3164
ExnvawnqNwQg;?k'M£:cC7b´agJShq;O34e@kn49h.walmart;02180340;0812112880;2363 7395 8789 8767
OgæoiQDPmkaø;Z07N)'JK/Ssqk*i?_;aISm@ftftm.abarth;06251575;3007699785;5146 9173 0060 3055
åbYuaMcNæTIg;`fMlnYd !Åbsok#´T;SGøE@nzn2u.camera;11776887;2303782993;3455 1065 4720 9641
BSPDæbckTfam;y'wNQm1=o-1)r/bO*;7mEi@qm2øc.docs;40529890;2110830079;5283 1684 1202 7320
PKlWOtoWØbdy;mp<hOm5mF}mqCééJy;zivd@ælkjd.zone;68100431;1102306470;5698 4826 2977 2364
xgWtiGØHMTZR;´.y:6gS&1ØDBæ Otc;dj~r@fj.02.support;90318912;0203626860;2317 6657 6280 7199
ZjlhNcØÆfxzy;´nrØzDo|do)in#vv4;-l)é@t68-ø.forum;98327047;2602692933;0967 6176 3056 3965
WeISQGpBrTTR;?-_Iy*ÅKése4PUU M;}æVL@wå7fr.xn--mgba3a4f16a;43790669;0205878238;5511 8371 6993 0117
laYNkJsvåxxQ;_QI -'_}p£´(Kg,1M;UsEl@a8æud.xyz;00257515;2403947930;1731 3189 7378 7897
møUUØnZAwpOI;øøÅA&l*36OoCé´z´%;Kx/1@yow7r.fj;67970632;1203499880;0423 7903 9453 2356
IubNCXUÅBblå;cd´/éxyÆw+!'ÅG?J9;øw  @nt6bk.xn--9et52u;79529246;1702927907;1390 8212 0274 3617
tSzøåOBjVOnL;r=Os*$C//zXH%XaYV;%jz6@pø8æi.cern;04854959;2911316792;7867 6740 3281 3213
qRFKKæWoAvkj;£>C}<bnbb^9iYJ(hæ;y.$X@nnwøy.om;16500795;2508134935;7433 6300 7852 9950
cuyØDQZqhWoJ;Lfj3øvF?jrgéiCEc,;xæPæ@wcæøu.xn--rhqv96g;67903665;2308972626;9218 2933 3482 7481
xmMGTaaCkghj;F'+rjP{rzhØnhBbu!;'nØg@dxthz.cw;87856003;1804037850;1007 0855 6382 7635
YXÅqiDKcyÆLa;,{^K^G=M #jM.p}F?;S62Z@objgg.dot;78415735;2811674233;3203 0202 6183 4813
æiRDeAcOGnNÅ; E)B2£:æRlV<.}qCz;zAtQ@åøskj.qa;53714653;0712060824;3047 0304 9326 6675
kRSqæHOælMJS;u´,}O%b/>s~lvØ£Ci;iøcY@qgbjb.swiss;21204920;0306117556;6544 7103 5315 3343
DvknFDQNwCÅC;{uQRD8S!k&Q*sgyS};3 .å@5fe09.associates;23104468;2502334606;1048 3824 9417 0569
pkapRMYvAXOk;:n|w6 Hhøæ9AD|7bd;7v57@år216.gallup;54303047;1707231609;0831 2341 8782 4453
øRMpæWÆVæXAD;S£)|bG`_5 s}9s#q=;UgQG@øcgøl.ferrero;89503231;2012552532;9604 7435 3466 0134
yMHPkåFYWuga;QoJ{æAiB/tB6FTM1U;8q+h@zd1p9.cbn;18399521;1607060521;4290 1547 1797 1836
ENåfVGfFLkTJ;CbLJfC}a´U5rj8x£(;PW%n@zq.ea.gmail;02614217;0207299278;2998 1227 0596 3691
jÆghRgOrlprB;n5%Ha*Do#H6fuoT:é;rMO&@6tæ-8.bi;70424167;2612589634;9408 6694 6023 1284
tZXQjNfEHefg;FWzD~a,ø&kcT*6A'$;xMs)@qm71k.mtn;40975104;2810556385;4420 0989 9704 4786
yØwxNÆQGoaZD;K3:q+rÅQDÅCM^Rb6b;v>$W@52hzv.travelersinsurance;86922090;2109179976;3259 7653 9842 2146
AJcÅlKlÆMCKf;ye8a!hqvÆ$|s)a4=I;*cw~@h9hiz.xn--9dbq2a;04785487;3011545962;9003 3019 0670 6799
tyYmHtiZvgSd;Y9I^æyho,>*&u5gVA;+*<k@æøg52.lk;43349511;0801456227;0690 2457 3085 2799
VYadxwoGÆUZv;3r/øaQ^$gdi7)+q4r;XYHæ@t2c5ø.hoteles;43961234;2302701981;1108 3088 4233 8092
vwnMyaFrYAmø;.8 7.xQe$Az9Mt5)B;øyZa@.å7n..spa;12377257;1011023297;1767 2599 7867 6478
iOilMccZPBCU;nhU6fQ #apHP7S*´<;i£(q@qkpyp.kim;29319884;0303920404;2144 7588 2371 3421
bBAåQWvarnuG;6~GkTos.ÅA>S8å´p`;q+7E@xxnnm.nu;00991277;0304937793;9819 6990 4453 7172
håUHaLæAkPPQ;2#rS)8VfBnliMBMIg;77.?@sfm4z.koeln;94006509;2901908810;0564 3730 7293 3912
ÆiACdÅVVIRFJ;VjDu!*AMnu`UMDn>u;_cY}@0q4lø.town;18217934;1104608775;9911 3862 2004 7600
YInTMBXSgnwU;Å(RDMex|æW)mV ,åg;8ajv@f.9qv.ryukyu;00613425;2905377780;7065 5753 5669 9535
zRJuævåOPWJn;KH:'<tnc=ØB1'JA31;!<´K@e23ty.black;55095820;1612894090;6687 0137 1022 8917
mkkjcFvxÆqow;B|E ø<>fkHxn*.`ØE;agS#@å.nuz.kp;34383158;0711714308;1050 2230 4111 8881
løRMecZtSNDL;Y&4Æ(n/mpx *Øå>Op;:{B&@jjftø.hospital;75678196;2905823119;6500 7097 3583 3458
WejVNadaSSJc;Nth.8' V7{iøZæé/ø;é!co@t76a0.golf;67142088;0508221940;6413 3208 2944 8109
QPpLÆhruKylN;t>-(AQÅa)$åw3gC´n;F.ba@.k0-i.life;80874144;0507612830;8180 0871 5875 5190
ONFgpcånYmQa;Ym|£um}OæE|lAd?ln;7y(n@ø9sen.select;43898712;2009172931;6633 3105 2442 5522
UmXmpaBØVtDQ;XøØå2-)KUGX.0JuC.;_Ad5@r0c05.xn--e1a4c;35005744;1005566084;3658 1841 4034 5811
oUdxåDWVQOBp;,)Mv4rg`/ R(Ø4)P`;q:FL@7vi3..gf;23319541;0511192420;1008 9335 7700 5482
æRhJzUzqæLTe;øc&cUxD/2Qi4z{{?o;?cå)@7g8il.canon;74354562;2704957729;1613 9009 5322 2459
PmjOMwFPOtJX;)D3!B*0$:aHÅ0B5#>;SæYp@fwopb.fail;81916564;3004363824;2865 1764 1234 8375
VbOYøDDBJYpI;éENLot/As(uGb9{RG;ydY<@ozzy-.channel;06814799;1403977671;5350 4246 5530 9272
pZUHGIvÅXxÅC;T%bh>Yæs:3B`*S´%I;B^{d@buh52.tools;38989320;0911296225;0392 3082 4673 2731
wTyKlBøkbMEm;ajLT|V{TafDK+v&Y=;Zmg+@6eæke.kh;55325820;1105430961;8903 5781 0672 8491
NqzESgUEæZGC;W)_ ~!N10}YÆ{_æV,;dPI´@kaxk1.mobile;81250989;1204437102;7247 4437 4103 3831
aSIthKmgJduj;Å!7*æf5>,N98æx(^c;9yPW@imalj.wed;32916330;2910611430;9845 2707 5237 7588
mwXBæbvnmuZW;N<q{e$S0luAn%,/M$;IZyd@kåbhy.sky;63666326;2906803677;5572 6716 6966 4935
iqdzæFtgbåFR;y$ZIasXBbEØv#ePZi;8qGZ@æøigå.yokohama;75737492;3103699494;0218 4032 1042 2543
oYtWFwPYcHad;`(m3ZQ9l,,8wIc78~;|<.d@qmupw.office;90109701;0803492778;1419 1423 3722 9563
BncsiVhLTvQS;%jtTvzeØtÆ$´bh3ZÅ;HOoA@.xe3t.krd;35542356;1710885555;3254 2180 7828 8524
FPQFBxMæJpYV;i>jR4Å~_`_Z>7 N.J;OY£8@uee0l.directory;00903297;1805393129;1379 3802 8149 5538
hnRqyaKqSmqL;YKZ?å£7Gftmå'<r1Å;NF +@ø2fy-.gq;14962452;0601553740;2242 7434 8538 2435
pVZjWhJeJCcd;4>>2q}æxr16+.i%cz;u^Mb@febih.macys;92849404;0105667825;1768 5326 3586 3238
ZgÆvXshSAabb;uå<~<7TH!´{ LZeKQ;C,3B@swqå5.ki;12997240;2802133793;6315 5266 7054 8222
ySYwåÅYMkwjT;0å0C,Bq~2fI9jlU#C;B#Z_@yqg9k.boo;71652182;1412111601;0925 8940 5969 3224
JkzCrAYæPMKo;AQyM83yUDk=e*)f5.;åW%1@23k8n.suzuki;62264011;2009073992;0510 3377 5086 7565
øEQOGvaQrnRs;>LZØ0c.z=KQ=X9(Bv;_F=`@j-4au.ye;98492615;1105184774;1606 9985 8905 9459
wØWxeNGzKHux;D5_>n!63`{c|,øØYD;:Æk~@omkt1.cancerresearch;78422162;1207249854;7829 5703 6401 3983
JØwUtpKRæsHø;PiP(+gh'r2æIjb5F3;KX!I@mz1o1.xn--9et52u;86350760;1507532450;4873 3275 1112 4342
æEDOWyoVxWtN;>y,nWD9l!UrD}fS,X;Lw^$@f5åmp.weatherchannel;15607536;1805881565;6926 0192 0460 2319
økTøKEPØåyAD;nF5= $45'ÅJ0,1<#A;Hl+F@meb-6.cancerresearch;19201964;2603765462;4361 2359 8864 6854
LaVhkUNcZseb;m89u_LA£(a)dW,p!v;|EG*@1dba4.xn--3hcrj9c;42731000;0702491959;5912 9192 6909 8302
PwZuaiuXVÆue;wCKHF!yNv&++Q,SC.;/$d0@zhrjw.xn--q9jyb4c;90619510;2308515594;6791 7029 4014 3398
aRaåCDHHæyrt;jW'j|fIMeDd:EQhjV;f>qu@69ytf.cbs;68706480;2909055485;6987 6499 0168 9535
iFTyWWDNYuMJ;`l}Mø_l33t/UråC*-;LMDl@6uxyk.xn--h2brj9c8c;33123833;2610680898;7291 0205 0707 2056
LvqQgUPleVdr;8*e*ØqÆåsfY2AJA A;Qk1v@kcwcn.lotto;89512378;0206727519;1234 1350 6426 4906
UBhÅPhXjJGNÅ;#MHUwAx1CKpTA<ywm;giXd@wflrz.sz;95090027;2704595517;1075 4882 2964 3445
EhXQvNVWåsNP;enm6Vx|+<bEs`_-F:;9~2E@8ozgb.by;58678534;2101829629;9752 2707 1021 6473
cDØLÅyBYnzPv;c=>R={RY29Dtf.KvP;ojrR@2clvg.dz;85803645;2707929530;4271 0526 1033 5320
MÆsDVPbNXavn;|X>iycaZ-oDt}S<6i;$ gt@08pn-.lds;27607404;1512769833;9362 9221 4257 2284
KzoDBtxmÅaJO;,|~64a%.(*ø`&qXø6;/:(æ@q0xyp.lotto;62186596;2710542514;1496 4904 1008 6103
jyfIkØercsAX;^n>%&.u3-G8?_£AG/;|pTw@8zx2r.xn--kpry57d;88694093;2804682581;6772 0206 4650 0109
vTZKJDdPvooy;FyI2X7u.7?<dpWS43;iICK@såc-x.xn--mgbc0a9azcg;14421646;3003882194;8852 7307 6079 5801
ÅomdkVfCOÆNø;9Wg#M9?LøLMX0t4.Æ;ca´?@nsniu.cf;17551255;2701238551;5745 5305 5510 7254
åqLwgØDfdxÅN;^6DgK+VU+NP{9_OGI;PÅ'V@.kd00.xn--80adxhks;36521376;0108228660;1184 9959 1682 5959
ÆwHFØWnGpdøM;mqøB8H~~ghSAk|#ye;CéMp@tpa3x.xn--fjq720a;51283722;2809523783;7079 1944 2041 2142
PIRhlDIDYYUX;G_7DzLkj7Gj9Yé/Mq;jU8I@vsåøå.eco;74154495;1410196529;7198 0048 7059 9996
kGssoHqvZvæå;bS^v|%S+d:kLmYlPs;sseA@åvlee.catholic;93581964;0107361421;2778 8896 7165 2429
iJcOYkihrØFb;T,_Ew´2N8øX+-O)*:;|AX!@i8f2ø.ltd;26550128;2812689200;4693 0023 0935 5609
POAOujvdtmvt;hqéæYAA1årC8ds7:R;`>YU@sgbem.international;35650281;0705581142;9890 2555 8980 5409
KaVownoTwÅGk;`ø7NGZO~wC&Z/<cO(;%gXk@xm571.foundation;11032683;0906432161;6876 5694 1777 7183
MrMnYgQIwDæt;G#NQ*xhv*q1Ay64p9;Sk8 @28uhc.bt;92948071;1509863624;9485 7777 3661 1101
KJæDJcEbSKEÅ;Jsmm71|æeå{|bb,Jæ;&4:`@ksn48.fk;04343543;2405117285;2918 6725 1990 9262
æxKsNUyvdWOd;|!Cr:få)hå*ZZ%:Bg;Æ4#L@eh3do.kiwi;52515952;1804049769;5326 3171 8517 4632
zfJTKpgKMRWM;£3bwZGxAt,_UZå!Pm;A(~F@0m3jø.saarland;88713283;2609712778;5866 9408 0884 6735
kuIfnIAqiTCt;5=-`o.>><FsSn6V|/;GHA{@eg2fl.hamburg;74714481;1112017654;1649 8325 3405 9027
VEfjdhOÅæWQR;.yyS?jxxWcø(mØ<V!;Lx$c@-oi5w.cipriani;42537862;0112192565;1000 0820 5318 3600
pXsdypBLHzws;t9`YZjjBQ.hr6Å5t*;øMwæ@i86y4.aig;87772655;2807672307;9131 0189 5595 0327
rGzeLOÅzreqx;NÅ}.eZanæhk.ADrpk;OSVr@5gryw.arab;28709159;3006955320;2640 4275 3130 4779
æigLFlLqAwÅp;Hk1VhNØ~`G}84)<Iu;7åH_@p313t.fund;44973320;0712481129;2777 9536 1284 8610
GbGVPJNÆklyL;Pn85zN<Uu_´0iu62 ;dXÅ^@hng9l.itau;04279356;2304745277;9828 3209 0685 3769
åDPgJKåARTXØ;mp_ÆCgM?åwc7tL293;)2£{@vbu7k.jio;45918136;1204558929;2561 4625 3745 4083
agmcVVtlamZZ;{bdSC/}ed&?P)gé7Ø;LFdb@k08-b.jprs;50022697;1212959835;6632 2511 7918 6780
mLdPgMfDæTrb;5_I1%G)=7Fg^vXvå1;J:{v@zg1wu.orange;18559029;2805978450;3837 7636 6960 6465
KlØWkvRQQÆaÆ;?d!P}Mc(E,|7qp~,D;å?(!@hg7ås.xn--y9a3aq;18611748;2602304879;3679 0351 6563 7554
øzWpVØGlæKVC;<´4ø,Å:<dKT~x:gfE;+/|Y@q19ek.tvs;67080989;2305165614;2308 1219 6086 6613
dvsFIøgLcEAM;rx3oP.z-Xp~`$g.FL;L<oE@hrfdj.media;99703987;1807851094;5378 5161 9982 8226
BkAyPygjØbFa;+L}WØ{of>,$2noA04;Pirl@su9l7.natura;61783890;0506727324;7640 1139 4998 5437
IgØEtæJåFpøK;JÅ/gæ~Ø4b9bS6SpiY;QC+j@iql41.clinique;55183384;1010511000;2073 0675 3374 6878
ZEtÅGwVVjbae;1}Øæc$URJC<#bZfh#;vLr-@uøvmæ.gw;49188378;2702232786;0529 9385 6602 0535
QOKHISUvGdHB;3N~JHÆ6PTxM>F:Bf.;'471@uxmtz.marshalls;94656567;0112311238;3769 7135 9242 8355
AAahÆØFNzDQl;>cgjaZONd=ØlfxMW0;oD3p@pæphx.xn--e1a4c;66785852;1202200652;8172 3503 3281 3322
pMtRxLYpÆACW;Z3qs<3ø(ØW fpO_8é;:{RE@o46oc.datsun;63623657;2804568487;7307 4611 8615 5775
StBnZfgøÅVFU;o/#_Sr a<I2TNgO,-;`6'~@-kzug.wtf;08711674;0708201162;5240 0490 5518 4415
TfOQGXvkbudB;7Væ~RPm?45I^ *E9d;£Ø(I@xs415.auto;16738537;1912405229;7177 1448 9402 9038
æGOuaPAHjøIP;!/0E/ålHz<C5æ>=b4;|ø Æ@n70ya.lr;01138420;2810898944;1295 7188 4973 2407
ÅmUvOÅtIsLUn;ægÅ_f´{*|2£'/ n~H;*|lu@tj..o.xn--wgbl6a;74556083;0808301806;6103 0573 2726 2856
jXINAlvæVYLZ;h*8FøJTC$8£VCS%u^;Æ*m4@1dær2.reliance;24404758;1707836020;0852 3354 8825 2379
mvVUbPUwVdzØ;´,U2é/~^0æHs5#*QO;4,E1@ø7tl-.global;88346866;2710700888;7466 6813 1969 9466
zZWJDLvØøYeQ;bG=MAJ)4bLÅlw$8té;6E:Q@øagtz.pl;91965920;2204428665;8156 4802 4308 3382
åYØliKRPsnif;wÅj%BX,3MsKmGU)Ei;bAFy@båæ49.med;46195981;2911944955;6438 8753 7788 5177
VyqRQQGXoFBA;6iVzø'0'$*_I3^A/T;FnLJ@giu3å.sfr;10439387;2103336557;1583 6343 7998 1705
CQdLrcACyNRX;r-h$<Wh´}i5sn&D`7;D6'n@sgw7r.volvo;52136921;3003307963;5149 0371 8110 3022
aqgkEÅZADåÅå;H93KbORRg{,{r|Nya;06_´@q8.-6.tc;92791585;1709859230;7432 4886 1794 7923
BFXVJhÆvdrcx;H/å5ÅU/^w%OrÆoim*;Å_ÆS@4ef34.sucks;80577691;1001806889;1778 0932 2399 6770
FHGbvLtCWIDB;P|+E5owMV#lYMå.AJ;øa5!@hwrøq.xn--2scrj9c;57207121;1702475429;9360 2049 2784 8251
rGbdoaVYblET;|yiÆ/Å9NTxDWSo$På;F£EÆ@2xf22.ms;24046562;0308141039;2840 2101 3662 5188
LbQjJÆDScdvO;oO~w£r1=Ax0>ænIå´;l`0w@78z29.tci;69931011;0301794908;1796 6814 5108 3937
cHMTKVnBcyhz;}|-é.13enyCuJ(Nåf;(0Ih@øsl17.stc;85159692;2108701717;3574 7283 6603 8079
scåDWÆøOaTEA;+åP´?!dFBxUYVvE(å;!_dl@jlbt0.pru;61434436;1201693728;3871 1577 7495 2649
FAzåÆælknFåO;q~Ié?9NZznyj`YWat;kB.ø@4s.34.gl;54990839;2703587502;4428 2433 2664 5779
AJDsOunsSFep;S|1£fZD6p|B4-QPeÆ;D2EA@zk0gf.cr;83202497;0802371519;1773 2032 5048 2471
XuÅyrKURorQw;|%`KW+Yn_<_`&W3*1;3Guk@t.zcx.gm;51867854;0309356330;7663 0497 5136 6450
QEjRæDhtpxHK;zV=wT$^ck+t%'Fsi`;2:mc@.1-lc.hosting;51734165;1208839485;5460 4422 0140 4097
GlAzåHbjZnex;^C}Øtv43øCp5* æ&E;xjGd@mozey.vet;75553278;1810130462;6588 0004 8430 2846
XaLhYEæbMibp;jfy6hZå+#x´t*R'dI;rØGF@io-lv.man;15252786;1808931431;9585 9339 7481 8522
CLuIHeAgÅvwV;#p1d9d5zHm6cCPU%>;XLué@ø4ea6.press;42657948;1201440170;0874 9740 3813 7442
qcxswNIzBgOP;Yg1 ^ihVd1'sW2HX&;%6- @jyvøa.gea;81286798;0812592556;9557 4465 6744 8016
rOJVeLTzXNbS;byS),9æ!?Xb{byé5`;éV X@kc40g.jetzt;64857096;2401445024;4752 2786 2408 2776
PpTcvfUlæzOp;4. F$qz3?E6*JqjwE;ØmØo@ålåoj.design;83379758;2809483633;0182 3294 8065 0300
XvådcpDpaYåz;PZD!WkPim5J1yEB1~;EKrD@cv795.fujitsu;92007796;0305628611;4468 0740 4536 6574
QMcdgoHROÆlA;øv)Øw1THJPÅzåXUæU;LøEd@1yægd.nagoya;89072956;0808470292;5381 1241 7975 5760
snDAHæyØgsKQ;UwiPÅ Jé.YF9.Æ1o_;7}db@åxizj.singles;08262557;0706044043;4442 3811 2010 9153
WoÆOXARUwZLD;iGr0K&,gI<Kq.Gb=A;P6G,@2ubøø.gmbh;38693440;3108897545;3601 6525 5133 7681
ghrLDæØØCvuU;V9Lø&qxL4Oy£!i7UL;W<)-@gcc26.cg;89301512;0204759839;0366 7347 6973 0906
UrQDWEgæuWæP;GbJuL{éMAnonc50-n;~{HJ@glrig.kpmg;07200679;2908178010;1969 6887 2756 4584
WæhKwZOVJåTe;_j2åD3k4:yæÅ*f^^f;*Oa,@638q2.virgin;52824769;1703010470;3253 0757 9078 4358
jEøkfQDJvÅco;::786r33c_b'`nErt;}Cjå@vj7zk.sony;26562351;0912982041;2853 9560 9681 8765
TjlVeOwdXUæx;=P=44n4WC{yaZNn/j;m4p.@-yt66.aetna;93330194;0910978780;0747 0850 0957 5423
UhHUFzhcYptj;^0w#&´G6eXYO8A+io;$9&z@k36æ4.blockbuster;83011376;1802462847;4447 3685 3082 7926
XRAWRIØzsKak;ink38_aIlB+Wé_´+);i6^f@l3ew7.se;40166479;0712681748;0766 9482 8848 1552
LøæCNBKCnøEX;ærøT'Yc6B)LLbbS&+;´7)ø@lx9lh.be;33499812;1303588457;8577 1478 3019 1040
nvipWqYUsJRb;3//o2%sSDb/Uj9´yø;96L9@7h-mk.show;61559900;1710859090;6483 2403 9249 2495
JroÅHøYwiGFO;GT_7msu6{å4VxwIeæ;A3WO@3rn-1.diamonds;85284106;2611361125;9586 7225 8186 5020
svwMIZfgKGbp;XyRHen!QJpu+s6d6Ø;`bx%@loch1.xn--mgba3a3ejt;40442083;2711727283;3065 0002 8726 6171
nyfNNTÆDbYHl;f4<_uZæfø1kX65+Na;t)Z+@h8pom.xn--mgbaakc7dvf;31665875;1007261477;5603 4404 4075 8140
zæcaCBOClgpI;Øja2gC0KWE^(fWw=_;AÅv0@9ez90.safety;86013740;0903199245;1593 7779 1728 7883
QfZbUløbUøvU;1:5}v.HBIXJkædLvj;KU-m@kåub2.americanexpress;62862620;1205349339;5101 6368 3720 3130
NNqYZyiQbQAJ;`AKo8Ø2F$jw<NvQVw;OH|k@6ycvf.locker;28214301;1008652810;6530 0127 8436 8599
ByyvepBRKvøs;Æ)Wpl9Ø6dSoBkG/k>;hxyG@0hhaq.xn--zfr164b;82701724;2109164316;4275 4356 2020 2034
uqDtuReqPZÅO;OS%v=7pr3b2u5$<mT;D2+^@uåslv.fail;74806593;2312642517;7050 6649 3563 1314
SÅxescvtQbBø;c-XB´#$`JcellTøbm;Se/o@vxoøq.xn--cg4bki;83255506;1912891050;1901 4707 3953 2375
HpæåOJjPgeoy;+)4 #{-AX:KM£*QFK;txAG@dgvz-.bar;52788718;0902158820;1496 7332 4886 4310
åQgÅokEeCÆpd;l~HQdXh5NzBU-%gAk;ls)y@456b-.vip;81997936;0102243439;2931 3890 2298 7106
qTsAJuOENtuZ;nx `ØOve}ZFeUK}9n;T.På@4210e.network;26393616;2308639811;1087 7792 0919 4549
rÆANiiPPSaRk;X{eøiJ'bvÅU&1O<æ,;£h/9@kcw4ø.dabur;33403728;1412988651;9856 9766 8634 6466
ØaWQtkfåxILl;iæé3gZhhN}/HMÅ>´c;MÅ9m@nld2g.website;07717937;1407852989;5375 1884 3061 0039
VuRCcqBOÆSvU;`*æd_Y>QcéqhYuBpr;#DaY@15t.4.xin;33298419;1711357790;9677 7710 6855 1884
wrrSuØDBADYL;e'LLCu!O!1k&UOét´;z1Z3@bdzlb.la;39357369;1302024460;9535 3109 8160 0478
gkhmJZZaQcær;nÆ8rex`Øy e4Q=æ6%;=,2Å@zvqm-.sap;18346282;1205151148;2525 4426 3161 9553
rCSEmVdIPmgø;pzØ6jÅ>h77%:´+oPR;.U~_@t7hhh.gent;59834836;2008768296;6087 7247 0859 7115
AcWgÅfcGLQBA;ABj<0K%´^Atwé6cæ|;_-3!@n1gøo.eurovision;00643050;0205176055;2097 8091 9651 2637
nmPynReCLpDb; JdTÆy!Yp%=ø1j`C!;5ÆS`@b8u6m.bentley;98061348;1607233647;9430 6670 8227 5328
ØGmYQsHnHrFQ;w}&o´Bs^#21po<åDy;Å^3m@mm5æl.sfr;10262062;1401282170;9926 7151 8539 4362
oonpbkBxdÆXb;13bRs0E#+s&uv_ÅMØ;roI @5du0x.anz;01249083;1911865889;1530 0632 9098 3017
cBlqSvZgÅÆZØ;æ,!CnA)Sm?'QOLcIo;Ux(O@bjw2s.fit;57449868;2211284407;7425 3974 7750 0112
ZRUwpFWCBVsÆ;$`Ø>&e}=^.$D6u_55;Pz2?@izx3s.gp;84370861;1602236524;9289 0287 5783 2079
mcSalDfLhpuw;gFjQxxU?´3b?uQy u;}PsI@6l6o7.xn--wgbl6a;19491684;1904210311;8389 9151 5547 9000
pEtbVÆEZøCir;)4+9ÅK-R92%u,14>+;jSN8@qqqdp.wow;85530934;1809053918;2880 0641 7099 1232
øHtÅzøBBDVRI;Æå/r4O/LoM5Ån1D'|;(XwF@døkha.xn--80aqecdr1a;64461369;2003237195;5641 3240 3245 9965
SENPjDomXMæå;`hFF~ød1*f9_<6-T ;4YeC@9ulræ.skin;60980874;1311282650;7402 5251 2100 8226
bPjHxmGDtlDG;z.c-é0XzRSØkbrvw0;øø>£@9w4c6.nhk;50251770;1010059000;2008 5841 7780 2394
qDrøxnmkhIØM;i9_6Æ 8é9RHgf_Sjw;kÅ`g@j6i.2.sanofi;49740007;2910439955;7223 2375 9789 6144
FOkXDNvfJÅvJ;~/ZC#/hbKwO£-´m?4;mk-O@ø9cz2.gives;96426680;0210756175;4188 0872 7368 8948
jiPÆKLsFqjKp;_´w7{L`uW-3_uhDA#;r{0j@m4e5d.tdk;20132824;1712324224;7238 1328 4043 9938
øLeøÆfÆpsaÆv; q8G!^lø3foK&|d|?;d^pN@z3wr-.pg;78056856;1305058714;9139 9080 5238 8441
xBHkFLAmwkxo;ma4qPQvKWqB`Å6%Ym;m9V^@9gwm-.pink;02204320;0812105175;1820 1347 2318 9058
fIDquyfMpuvØ;}8I &.ZT?hw`8#-T´;S8MÅ@39p9x.george;48085120;0911720493;0583 5929 8511 6558
GnGzLGBÆKqTÅ;fZQq&£dsTæfgF,<7-;<Øge@mkpjj.fido;28441909;0805900067;5181 4925 8613 4883
BsStlZYOBjÆg;4:i'wUX>_ø?FyD<ZK;an.u@dæa-o.basketball;97100080;2911061522;3226 9871 2532 2916
GQIcUNiMhØØY;å%æ1`p~o~2P:7 >n7;)wke@tuvxu.dog;18485540;0208445910;1822 5793 4958 8968
XbIVjfHøwAxw;umS}yhrxtHeEw$ALV;æH=)@7o-7k.cu;35676033;0112379487;6244 0639 5370 3171
gJøXSFxTXuMM;sl(h,`ulQæ5£D?8rQ;´`2o@cvk4f.sa;99874211;2311470780;8554 6508 0046 2660
XrzhYVRbYLNe;uSzQpy`3'gkq8x:'$;?1£ø@f.b6x.sx;08535337;1306040983;3572 3154 2645 5030
QEpDxbKAjOjz;#akZzb _&7-y<n%hx;jK=p@gævå2.limo;63698260;0910749277;7352 6423 5527 6617
WOmæKæXJVxGv;CAiE<øø{s+uE}#4zL;6|d:@za085.shell;44863545;0412540760;2209 0544 6336 3350
dKhVsÆheøVSÅ;r$#oc}MsPhuæpHNH1;fØÆM@e7582.cash;57756139;2905082151;2629 6516 2556 0732
PåBzbtVtåjjx;h!nSsQS495D}cRÆ5K;|4Y~@5qb6y.meet;52751147;2205609140;8937 3002 9673 1775
ODySUWIdkÆOc;GmpGPLDHQu'Z)iy5T;*D(6@æbbg4.tiaa;42006925;0708136611;9683 9217 7490 0004
gkvtHLBqqvqN;IvaXHVTTÅWpæ£cjØ7;<KeÅ@san4j.restaurant;20220513;0409787142;7633 7809 6719 7747
XXOåBHWNSvNI;BbéyøhlÆL0++d1KCL;år#G@ljyzd.mattel;46027428;0605522882;8065 1773 0364 9296
ÅNtXfflrjBUQ;NXLUGb£hzYog)me&a;2vYt@xv7t6.ngo;06801104;0912237656;7933 9181 9307 0503
hkåpehousppk;5v$o8$.gc`4j9*Yé{;20ih@e7q9ø.pub;02186183;2310084932;2324 7986 1454 5055
HulhJDtEtHxH;p&Ån8G:x-Æ7Zw0Gæ.;tu-s@15chæ.viking;09786397;2504792458;1910 5445 3088 6443
gÆsÆsmUDMPlc;XDOO.As(>da%h(kmL;39Up@åå.t9.guardian;98910773;3011252566;3550 6257 0293 1768
wÅjbåHQbaLpA;U0dlm.:d0Wj{7vAéæ;R+$b@oxygi.rexroth;53800052;3108400691;3321 6103 3460 6714
eybxdGInrdÆl;NF5MGgÆ9q4o~&F0iL;UFEB@ovl5å.juniper;17837308;2904789740;1462 7008 0614 1044
gifslbÅUÆZyf;,rTjPV~xlzomYCNrL;7N~M@kil1i.fox;26965165;0507790941;8358 4150 0762 7327
oLZcjnJCeØVg;&YzRv~2myf&yJrF+c;8-=y@q3yxp.casino;49697780;2905589361;3140 9254 0217 1146
jWygjåGMMÅUo;FL~nbK?u9lZÅ%+ZSC;1M~K@g6lbg.watch;71123107;2207594540;6309 7979 4298 7632
RRQtIgbWøæMr;gm`sU-BM4-y&DSOey; (lB@pæbrb.uol;51397071;1309054667;4630 7199 2544 8015
øNdavxSTmwzb;rf1BIw>U'e2.Lod(,;PiSv@71hxp.cash;93099791;1207709421;5556 4266 1843 0320
RWjyipYjøCQÆ;&Såh`^`xrS}C6HeqT;G ÅP@n1im..samsung;18237074;0312462680;0690 3059 4880 5376
NylØNTsRjDdr;Z=Dsi^o'.c<c*FXc{;PMps@nyg94.lego;24030620;1509378262;4897 3942 9891 4088
oaIVHwmyfpCM;)VdqI<q£n3.MbkW8r;#ZmL@0-nl-.staples;15818476;2202933478;3019 4103 1524 8603
qtRTYwizZJjj;^*m2#B#k/$MdY{E&Å;/Sv8@rpz1r.live;39714557;3110859219;0120 0530 9211 9520
RniijQmFluRk;qQnXI0ArpJ%ØVqt{v;<d.h@di4ng.kpmg;40431849;1903632778;5570 5805 6471 4525
uøåØzNIQdOJt;_Dl!£EUtSq,ANUF£N;i^´,@f4436.xn--55qx5d;06087491;2705778631;2967 6653 0779 4252
GINPMxtÆDDÅa;HV>mkFov^L6liÆ&52;K%A-@5høqs.frl;93396563;2905543000;3667 3320 1901 2074
JømALxBDozmJ;Tq3åEI~ MnjøyaHVy;Qanø@hpl.å.tattoo;73111304;1307246828;1123 3294 9379 0423
BVvØØØOireqy;:øeØ}WX<10~Oc£Øyb;Sj^#@mn8nv.xn--lgbbat1ad8j;69466095;2106952160;2102 5316 3013 1859
UleGxmUOfrBs;Æ:OjCaXd£,Q.iv-j_;SF(B@zqaj5.cv;18778499;2511083829;1122 4981 1771 4664
RKæÆHØKKuxCw;523e'+F|£#> eMÅkT;fmz%@jp-l5.dot;55445957;2605319516;8862 6346 0206 9861
AmcZfDjxolyL;SøDd3+BkMH/6b=3%v;Gm_p@4æøtj.save;03919384;2106707947;5066 1564 9575 9332
BFUugrHNYråo;xØJCnwqMT^Séu#X#Z;~Y<$@æy.-s.loft;02510154;2801519892;2887 4167 8481 1541
FQXKTJVKOJrU;~c}NnA#M_U'øe.-H6;wyC.@0økwa.limited;25730888;1203824137;5331 9137 1556 3351
ÆÅMZMVSugøXE;9OGwÆ#/AY,:38*Z'H;|vdC@j8kz0.dk;49621336;2201804569;2740 4573 7632 4268
ægkhzthGGKAø;2heg(26u/M}uXu6v<;HP`å@8hæbr.arpa;09860396;1903219129;8354 8730 5654 1381
LzLAWkIgsqao;>h4a+-NTh:}BåWé&P;!å1I@yrz.6.faith;42363678;0708843563;7911 3951 2976 4749
BhjhælvGøwfm;&X#CQ*`D_'T3Ø|v2j;IqåG@pz2dy.contractors;98282634;3003672025;9603 3142 4454 2235
BsBuLTktEzFZ;(IMb_ø9C4VeW´é-SY;|F9J@vvr8å.systems;29401928;2007277469;3460 4530 7317 9183
