Row,Name
1,Aaden
2,Aaliyah
3,Aarav
4,Aaron
5,Ab
6,Abagail
7,Abb
8,Abbey
9,Abbie
10,Abbigail
11,Abbott
12,Abby
13,Abdiel
14,Abdul
15,Abdullah
16,Abe
17,Abel
18,Abelardo
19,Abie
20,Abigail
21,Abigale
22,Abigayle
23,Abner
24,Abraham
25,Abram
26,Abril
27,Ace
28,Acey
29,Achsah
30,Acie
31,Acy
32,Ada
33,Adah
34,Adalberto
35,Adaline
36,Adalyn
37,Adalynn
38,Adam
39,Adamaris
40,Adams
41,Adan
42,Add
43,Adda
44,Addie
45,Addison
46,Addisyn
47,Addyson
48,Adel
49,Adela
50,Adelaide
51,Adelard
52,Adelbert
53,Adele
54,Adelia
55,Adelina
56,Adeline
57,Adell
58,Adella
59,Adelle
60,Adelyn
61,Aden
62,Adilene
63,Adin
64,Adina
65,Adison
66,Aditya
67,Adlai
68,Adline
69,Admiral
70,Adolf
71,Adolfo
72,Adolph
73,Adolphus
74,Adonis
75,Adrain
76,Adria
77,Adrian
78,Adriana
79,Adriane
80,Adrianna
81,Adrianne
82,Adriel
83,Adrien
84,Adriene
85,Adrienne
86,Adron
87,Adyson
88,Aedan
89,Affie
90,Afton
91,Agatha
92,Aggie
93,Agnes
94,Agness
95,Agusta
96,Agustin
97,Agustus
98,Ah
99,Ahmad
100,Ahmed
101,Aida
102,Aidan
103,Aiden
104,Aidyn
105,Aileen
106,Ailene
107,Aili
108,Aimee
109,Ainsley
110,Aisha
111,Aiyana
112,Aja
113,Akeelah
114,Akeem
115,Akira
116,Al
117,Ala
118,Alabama
119,Alaina
120,Alan
121,Alana
122,Alani
123,Alanna
124,Alannah
125,Alanzo
126,Alayna
127,Alba
128,Albert
129,Alberta
130,Albertha
131,Albertina
132,Albertine
133,Alberto
134,Albertus
135,Albin
136,Albina
137,Albion
138,Alby
139,Alcee
140,Alcide
141,Alcie
142,Alda
143,Alden
144,Aldo
145,Aldona
146,Aleah
147,Alease
148,Alec
149,Alecia
150,Aleck
151,Aleen
152,Aleena
153,Alejandra
154,Alejandro
155,Alek
156,Alena
157,Alene
158,Alesha
159,Alesia
160,Alessandra
161,Alessandro
162,Aleta
163,Aletha
164,Alethea
165,Alex
166,Alexa
167,Alexande
168,Alexander
169,Alexandr
170,Alexandra
171,Alexandre
172,Alexandrea
173,Alexandria
174,Alexandro
175,Alexia
176,Alexina
177,Alexis
178,Alexus
179,Alexys
180,Alexzander
181,Alf
182,Alferd
183,Alfie
184,Alfonse
185,Alfonso
186,Alfonzo
187,Alford
188,Alfred
189,Alfreda
190,Alfredo
191,Alger
192,Algernon
193,Algie
194,Algot
195,Ali
196,Alia
197,Aliana
198,Alice
199,Alicia
200,Alida
201,Alijah
202,Alina
203,Aline
204,Alisa
205,Alisha
206,Alison
207,Alissa
208,Alisson
209,Alivia
210,Aliya
211,Aliyah
212,Aliza
213,Alize
214,Alla
215,Allan
216,Allean
217,Alleen
218,Allen
219,Allena
220,Allene
221,Allie
222,Alline
223,Allison
224,Allisson
225,Ally
226,Allyn
227,Allyson
228,Allyssa
229,Alma
230,Almeda
231,Almedia
232,Almer
233,Almeta
234,Almina
235,Almira
236,Almon
237,Almond
238,Almus
239,Almyra
240,Alois
241,Aloma
242,Alondra
243,Alonso
244,Alonza
245,Alonzo
246,Aloys
247,Aloysius
248,Alpha
249,Alpheus
250,Alphons
251,Alphonse
252,Alphonsine
253,Alphonso
254,Alphonsus
255,Alston
256,Alta
257,Altha
258,Althea
259,Altie
260,Alto
261,Alton
262,Alva
263,Alvah
264,Alvan
265,Alvaro
266,Alvena
267,Alver
268,Alvera
269,Alverda
270,Alverta
271,Alvia
272,Alvie
273,Alvin
274,Alvina
275,Alvira
276,Alvis
277,Alvy
278,Alwilda
279,Alwin
280,Alwina
281,Alwine
282,Alyce
283,Alycia
284,Alys
285,Alysa
286,Alyse
287,Alysha
288,Alysia
289,Alyson
290,Alyssa
291,Alyssia
292,Alyvia
293,Alzina
294,Ama
295,Amado
296,Amalia
297,Amalie
298,Amanda
299,Amani
300,Amara
301,Amare
302,Amari
303,Amarion
304,Amaris
305,Amasa
306,Amaya
307,Amber
308,Amberly
309,Ambers
310,Ambrose
311,Amelia
312,Amelie
313,America
314,Americo
315,Amerigo
316,Amey
317,Ami
318,Amiah
319,Amie
320,Amil
321,Amin
322,Amina
323,Amir
324,Amira
325,Amirah
326,Amit
327,Amiya
328,Amiyah
329,Amma
330,Ammie
331,Ammon
332,Amon
333,Amos
334,Amparo
335,Amy
336,Amya
337,Ana
338,Anabel
339,Anabella
340,Anabelle
341,Anahi
342,Anais
343,Ananias
344,Anastacia
345,Anastacio
346,Anastasia
347,Anatole
348,Anaya
349,Ancel
350,Ancil
351,Anders
352,Anderson
353,Andon
354,Andra
355,Andrae
356,Andre
357,Andrea
358,Andreas
359,Andres
360,Andrew
361,Andria
362,Andy
363,Anfernee
364,Angel
365,Angela
366,Angele
367,Angeles
368,Angelia
369,Angelic
370,Angelica
371,Angelina
372,Angeline
373,Angelique
374,Angelita
375,Angella
376,Angelo
377,Angie
378,Angus
379,Anibal
380,Anice
381,Anie
382,Anika
383,Anissa
384,Anita
385,Anitra
386,Aniya
387,Aniyah
388,Anjali
389,Anjanette
390,Anjelica
391,Ann
392,Anna
393,Annabel
394,Annabell
395,Annabella
396,Annabelle
397,Annalise
398,Annamae
399,Annamarie
400,Anne
401,Anneliese
402,Annemarie
403,Anner
404,Annetta
405,Annette
406,Annice
407,Annie
408,Annika
409,Annis
410,Annmarie
411,Anona
412,Ansel
413,Ansley
414,Anson
415,Anthoney
416,Anthony
417,Antione
418,Antionette
419,Antoine
420,Antoinette
421,Anton
422,Antone
423,Antonetta
424,Antonette
425,Antonia
426,Antonina
427,Antonio
428,Antony
429,Antwain
430,Antwan
431,Antwon
432,Anwar
433,Anya
434,April
435,Ara
436,Arabella
437,Araceli
438,Aracely
439,Arah
440,Araminta
441,Arba
442,Arbie
443,Arch
444,Archer
445,Archibald
446,Archie
447,Ardath
448,Ardelia
449,Ardell
450,Ardella
451,Ardelle
452,Arden
453,Ardeth
454,Ardis
455,Ardith
456,Ardyce
457,Areli
458,Arely
459,Aretha
460,Argie
461,Ari
462,Aria
463,Ariana
464,Ariane
465,Arianna
466,Aric
467,Arie
468,Ariel
469,Ariella
470,Arielle
471,Arietta
472,Arizona
473,Arjun
474,Arkie
475,Arla
476,Arlan
477,Arland
478,Arleen
479,Arlen
480,Arlena
481,Arlene
482,Arleth
483,Arletta
484,Arley
485,Arlie
486,Arlin
487,Arline
488,Arlington
489,Arlis
490,Arlo
491,Arly
492,Arlyn
493,Arlyne
494,Arman
495,Armand
496,Armando
497,Armani
498,Armida
499,Armin
500,Arminda
501,Arminta
502,Armond
503,Armstead
504,Arnav
505,Arne
506,Arnett
507,Arnetta
508,Arnie
509,Arno
510,Arnold
511,Arnoldo
512,Arnulfo
513,Aron
514,Arra
515,Arrie
516,Arron
517,Arsenio
518,Art
519,Arta
520,Artelia
521,Arther
522,Arthor
523,Arthur
524,Artie
525,Artis
526,Arturo
527,Arvel
528,Arvid
529,Arvil
530,Arvilla
531,Arvin
532,Arvo
533,Aryan
534,Aryana
535,Aryanna
536,Asa
537,Asberry
538,Asbury
539,Asha
540,Ashanti
541,Ashby
542,Ashely
543,Asher
544,Ashlea
545,Ashlee
546,Ashleigh
547,Ashley
548,Ashli
549,Ashlie
550,Ashly
551,Ashlyn
552,Ashlynn
553,Ashton
554,Ashtyn
555,Asia
556,Ason
557,Aspen
558,Assunta
559,Astrid
560,Atha
561,Athena
562,Atlas
563,Atticus
564,Attie
565,Attilio
566,Aubra
567,Aubree
568,Aubrey
569,Aubrie
570,Audie
571,Audley
572,Audra
573,Audrey
574,Audriana
575,Audrianna
576,Audrina
577,Audry
578,Audy
579,August
580,Augusta
581,Auguste
582,Augustin
583,Augustina
584,Augustine
585,Augustus
586,Aura
587,Aurelia
588,Aurelio
589,Aurilla
590,Aurora
591,Aurore
592,Aurthur
593,Austen
594,Austin
595,Auston
596,Austyn
597,Auther
598,Author
599,Authur
600,Autry
601,Autumn
602,Ava
603,Avah
604,Averi
605,Averie
606,Avery
607,Avie
608,Avis
609,Avon
610,Axel
611,Ayaan
612,Ayana
613,Ayanna
614,Aydan
615,Ayden
616,Aydin
617,Ayesha
618,Ayla
619,Aylin
620,Azalee
621,Azaria
622,Azul
623,Azzie
624,Babe
625,Babette
626,Baby
627,Babyboy
628,Bailee
629,Bailey
630,Baker
631,Baldwin
632,Ballard
633,Bama
634,Bambi
635,Banks
636,Barb
637,Barbara
638,Barbie
639,Barbra
640,Barnard
641,Barnett
642,Barney
643,Barnie
644,Baron
645,Barrett
646,Barrie
647,Barron
648,Barry
649,Bart
650,Bartholomew
651,Bartley
652,Barton
653,Bascom
654,Basil
655,Baxter
656,Bayard
657,Baylee
658,Baylie
659,Bea
660,Beadie
661,Beatrice
662,Beatrix
663,Beatriz
664,Beau
665,Beaulah
666,Bebe
667,Beckett
668,Beckham
669,Beckie
670,Becky
671,Beda
672,Bedford
673,Bee
674,Beecher
675,Belen
676,Belia
677,Belinda
678,Bell
679,Bella
680,Belle
681,Belton
682,Belva
683,Ben
684,Bena
685,Benard
686,Benedict
687,Benita
688,Benito
689,Benjaman
690,Benjamen
691,Benjamin
692,Benjamine
693,Benji
694,Benjiman
695,Benjman
696,Bennett
697,Bennie
698,Benny
699,Benson
700,Bentley
701,Benton
702,Berdie
703,Berenice
704,Berkley
705,Berlin
706,Bernadette
707,Bernadine
708,Bernard
709,Bernardine
710,Bernardo
711,Berneice
712,Bernetta
713,Bernhard
714,Bernice
715,Bernie
716,Berniece
717,Bernita
718,Berry
719,Bert
720,Berta
721,Bertha
722,Bertie
723,Bertina
724,Berton
725,Bertram
726,Bertrand
727,Beryl
728,Bess
729,Besse
730,Bessie
731,Beth
732,Betha
733,Bethann
734,Bethany
735,Bethel
736,Bethzy
737,Betsey
738,Betsy
739,Bette
740,Bettie
741,Bettina
742,Betty
743,Bettye
744,Bettyjane
745,Bettylou
746,Beula
747,Beulah
748,Bev
749,Beverlee
750,Beverley
751,Beverly
752,Beyonce
753,Bianca
754,Biddie
755,Bilal
756,Bill
757,Billie
758,Billy
759,Billye
760,Bina
761,Bird
762,Birdella
763,Birdie
764,Birt
765,Birtha
766,Birtie
767,Bishop
768,Bjorn
769,Blain
770,Blaine
771,Blair
772,Blaise
773,Blake
774,Blanca
775,Blanch
776,Blanchard
777,Blanche
778,Blanchie
779,Blane
780,Blas
781,Blaze
782,Bliss
783,Blossom
784,Bluford
785,Bo
786,Bob
787,Bobbi
788,Bobbie
789,Bobby
790,Bobbye
791,Bode
792,Bolden
793,Bonita
794,Bonnie
795,Bonny
796,Booker
797,Boone
798,Boris
799,Bose
800,Boss
801,Boston
802,Bowman
803,Boyce
804,Boyd
805,Boysie
806,Brad
807,Braden
808,Bradford
809,Bradley
810,Bradly
811,Brady
812,Bradyn
813,Braeden
814,Braedon
815,Braelyn
816,Braiden
817,Brain
818,Branch
819,Brandan
820,Brande
821,Brandee
822,Branden
823,Brandi
824,Brandie
825,Brandin
826,Brandon
827,Brandt
828,Brandy
829,Brandyn
830,Brannon
831,Branson
832,Brant
833,Brantley
834,Braulio
835,Braxton
836,Brayan
837,Brayden
838,Braydon
839,Braylen
840,Braylon
841,Brea
842,Breana
843,Breann
844,Breanna
845,Breanne
846,Bree
847,Brenda
848,Brendan
849,Brenden
850,Brendon
851,Brenna
852,Brennan
853,Brennen
854,Brennon
855,Brent
856,Brenton
857,Breonna
858,Bret
859,Brett
860,Bria
861,Brian
862,Briana
863,Brianda
864,Brianna
865,Brianne
866,Brice
867,Bridger
868,Bridget
869,Bridgett
870,Bridgette
871,Brielle
872,Brien
873,Brigette
874,Brigid
875,Brigitte
876,Briley
877,Brinda
878,Brion
879,Brionna
880,Brisa
881,Britany
882,Britney
883,Britni
884,Britny
885,Britt
886,Britta
887,Brittaney
888,Brittani
889,Brittanie
890,Brittany
891,Brittnay
892,Brittnee
893,Brittney
894,Brittni
895,Brittnie
896,Brittny
897,Britton
898,Brock
899,Broderick
900,Brodie
901,Brody
902,Brogan
903,Bronson
904,Brook
905,Brooke
906,Brooklyn
907,Brooklynn
908,Brooks
909,Brown
910,Bruce
911,Bruno
912,Bryan
913,Bryana
914,Bryanna
915,Bryant
916,Bryce
917,Brycen
918,Brylee
919,Bryn
920,Brynlee
921,Brynn
922,Bryon
923,Bryson
924,Bryton
925,Buck
926,Bud
927,Budd
928,Buddie
929,Buddy
930,Buel
931,Buelah
932,Buell
933,Buena
934,Buffy
935,Buford
936,Bula
937,Bulah
938,Buna
939,Bunk
940,Burdette
941,Buren
942,Burgess
943,Burk
944,Burke
945,Burl
946,Burleigh
947,Burley
948,Burnell
949,Burnett
950,Burney
951,Burnice
952,Burnie
953,Burns
954,Burr
955,Burrel
956,Burrell
957,Burt
958,Burton
959,Bush
960,Buster
961,Butch
962,Butler
963,Bynum
964,Byrd
965,Byrdie
966,Byron
967,Caddie
968,Cade
969,Caden
970,Cadence
971,Cael
972,Caesar
973,Caiden
974,Cailyn
975,Cain
976,Caitlin
977,Caitlyn
978,Caitlynn
979,Cal
980,Caldonia
981,Cale
982,Caleb
983,Caleigh
984,Calhoun
985,Cali
986,Calista
987,Calla
988,Callie
989,Callum
990,Calvin
991,Cam
992,Camden
993,Cameron
994,Cami
995,Camila
996,Camilla
997,Camille
998,Camisha
999,Cammie
1000,Campbell
1001,Camren
1002,Camron
1003,Camryn
1004,Candace
1005,Candi
1006,Candice
1007,Candida
1008,Candido
1009,Candis
1010,Candy
1011,Candyce
1012,Cannie
1013,Cannon
1014,Canyon
1015,Cap
1016,Capitola
1017,Cappie
1018,Caprice
1019,Captain
1020,Cara
1021,Caren
1022,Carey
1023,Cari
1024,Carie
1025,Carin
1026,Carina
1027,Carisa
1028,Carissa
1029,Carl
1030,Carla
1031,Carlee
1032,Carleen
1033,Carleigh
1034,Carlene
1035,Carleton
1036,Carley
1037,Carli
1038,Carlie
1039,Carlisle
1040,Carlo
1041,Carlos
1042,Carlota
1043,Carlotta
1044,Carlton
1045,Carly
1046,Carlyle
1047,Carlyn
1048,Carma
1049,Carmel
1050,Carmela
1051,Carmelita
1052,Carmella
1053,Carmelo
1054,Carmen
1055,Carmine
1056,Carnell
1057,Caro
1058,Carol
1059,Carolann
1060,Carole
1061,Carolee
1062,Carolina
1063,Caroline
1064,Carolyn
1065,Carolyne
1066,Carolynn
1067,Caron
1068,Carra
1069,Carri
1070,Carrie
1071,Carrol
1072,Carroll
1073,Carry
1074,Carsen
1075,Carson
1076,Carter
1077,Cary
1078,Caryl
1079,Caryn
1080,Cas
1081,Casandra
1082,Case
1083,Casey
1084,Cash
1085,Casie
1086,Casimer
1087,Casimir
1088,Casimiro
1089,Cason
1090,Casper
1091,Cass
1092,Cassandra
1093,Cassidy
1094,Cassie
1095,Cassius
1096,Cassondra
1097,Caswell
1098,Catalina
1099,Catharine
1100,Catherine
1101,Cathern
1102,Cathey
1103,Cathi
1104,Cathie
1105,Cathleen
1106,Cathrine
1107,Cathryn
1108,Cathy
1109,Catina
1110,Cato
1111,Catrina
1112,Cayden
1113,Cayla
1114,Caylee
1115,Ceasar
1116,Cecelia
1117,Cecil
1118,Cecile
1119,Cecilia
1120,Cecily
1121,Cedric
1122,Cedrick
1123,Ceil
1124,Celena
1125,Celesta
1126,Celeste
1127,Celestia
1128,Celestine
1129,Celestino
1130,Celia
1131,Celie
1132,Celina
1133,Celine
1134,Cena
1135,Ceola
1136,Cephus
1137,Cesar
1138,Ceylon
1139,Chace
1140,Chad
1141,Chadd
1142,Chadrick
1143,Chadwick
1144,Chaim
1145,Chaka
1146,Chalmer
1147,Chalmers
1148,Champ
1149,Chana
1150,Chance
1151,Chancey
1152,Chancy
1153,Chanda
1154,Chandler
1155,Chandra
1156,Chanel
1157,Chanelle
1158,Chaney
1159,Chanie
1160,Channie
1161,Channing
1162,Chantal
1163,Chante
1164,Chantel
1165,Chantelle
1166,Charissa
1167,Charisse
1168,Charity
1169,Charla
1170,Charle
1171,Charlee
1172,Charleen
1173,Charlene
1174,Charles
1175,Charley
1176,Charlie
1177,Charline
1178,Charlize
1179,Charlotta
1180,Charlotte
1181,Charlottie
1182,Charls
1183,Charlsie
1184,Charlton
1185,Charly
1186,Charmaine
1187,Charolette
1188,Chas
1189,Chase
1190,Chasity
1191,Chastity
1192,Chauncey
1193,Chauncy
1194,Chaya
1195,Chaz
1196,Che
1197,Chelsea
1198,Chelsey
1199,Chelsi
1200,Chelsie
1201,Chelsy
1202,Cher
1203,Cherelle
1204,Cheri
1205,Cherie
1206,Cherilyn
1207,Cherise
1208,Cherish
1209,Cherrelle
1210,Cherri
1211,Cherrie
1212,Cherry
1213,Cherryl
1214,Cheryl
1215,Cheryle
1216,Cheryll
1217,Chesley
1218,Chessie
1219,Chester
1220,Chestina
1221,Chet
1222,Cheyanne
1223,Cheyenne
1224,Chimere
1225,Chin
1226,China
1227,Chip
1228,Chiquita
1229,Chloe
1230,Chloie
1231,Chris
1232,Chrissie
1233,Chrissy
1234,Christ
1235,Christa
1236,Christal
1237,Christeen
1238,Christel
1239,Christen
1240,Christena
1241,Christene
1242,Christi
1243,Christian
1244,Christiana
1245,Christie
1246,Christin
1247,Christina
1248,Christine
1249,Christion
1250,Christop
1251,Christoper
1252,Christopher
1253,Christy
1254,Chrystal
1255,Chuck
1256,Chyna
1257,Chynna
1258,Ciara
1259,Ciarra
1260,Cicely
1261,Cicero
1262,Cielo
1263,Ciera
1264,Cierra
1265,Ciji
1266,Cilla
1267,Cinda
1268,Cindi
1269,Cindy
1270,Cinnamon
1271,Cinthia
1272,Citlali
1273,Citlalli
1274,Clabe
1275,Claiborne
1276,Clair
1277,Claire
1278,Clara
1279,Clarabelle
1280,Clarance
1281,Clare
1282,Clarence
1283,Claribel
1284,Clarice
1285,Clarinda
1286,Clarine
1287,Clarisa
1288,Clarissa
1289,Clark
1290,Clarke
1291,Clarnce
1292,Classie
1293,Claud
1294,Claude
1295,Claudette
1296,Claudia
1297,Claudie
1298,Claudine
1299,Claudio
1300,Claudius
1301,Claus
1302,Clay
1303,Clayton
1304,Clearence
1305,Cleave
1306,Cleda
1307,Clell
1308,Clella
1309,Clem
1310,Clemence
1311,Clemens
1312,Clement
1313,Clemente
1314,Clementina
1315,Clementine
1316,Clemie
1317,Clemma
1318,Clemmie
1319,Clemon
1320,Cleo
1321,Cleola
1322,Cleon
1323,Cleone
1324,Cleora
1325,Cleta
1326,Cletus
1327,Cleva
1328,Cleve
1329,Cleveland
1330,Clevie
1331,Clide
1332,Cliff
1333,Cliffie
1334,Clifford
1335,Clifton
1336,Clint
1337,Clinton
1338,Clive
1339,Cloe
1340,Clora
1341,Clotilda
1342,Clotilde
1343,Clovis
1344,Cloyd
1345,Clyda
1346,Clyde
1347,Clydie
1348,Clytie
1349,Coby
1350,Codey
1351,Codi
1352,Codie
1353,Cody
1354,Coen
1355,Cohen
1356,Colbert
1357,Colby
1358,Cole
1359,Coleen
1360,Coleman
1361,Coleton
1362,Coletta
1363,Colette
1364,Coley
1365,Colie
1366,Colin
1367,Colleen
1368,Collette
1369,Collie
1370,Collier
1371,Collin
1372,Collins
1373,Collis
1374,Colon
1375,Colonel
1376,Colt
1377,Colten
1378,Colter
1379,Colton
1380,Columbia
1381,Columbus
1382,Colvin
1383,Commodore
1384,Con
1385,Conard
1386,Concepcion
1387,Concetta
1388,Concha
1389,Conley
1390,Conner
1391,Connie
1392,Connor
1393,Conor
1394,Conrad
1395,Constance
1396,Constantine
1397,Consuela
1398,Consuelo
1399,Contina
1400,Conway
1401,Coolidge
1402,Cooper
1403,Cora
1404,Coraima
1405,Coral
1406,Coralie
1407,Corbett
1408,Corbin
1409,Corda
1410,Cordaro
1411,Cordelia
1412,Cordell
1413,Cordella
1414,Cordero
1415,Cordia
1416,Cordie
1417,Corean
1418,Corene
1419,Coretta
1420,Corey
1421,Cori
1422,Corie
1423,Corina
1424,Corine
1425,Corinna
1426,Corinne
1427,Corliss
1428,Cornel
1429,Cornelia
1430,Cornelious
1431,Cornelius
1432,Cornell
1433,Cornie
1434,Corrie
1435,Corrina
1436,Corrine
1437,Corry
1438,Cortez
1439,Cortney
1440,Corwin
1441,Cory
1442,Cosmo
1443,Coty
1444,Council
1445,Courtland
1446,Courtney
1447,Coy
1448,Craig
1449,Crawford
1450,Creed
1451,Creola
1452,Cressie
1453,Crete
1454,Cris
1455,Crissie
1456,Crissy
1457,Crista
1458,Cristal
1459,Cristen
1460,Cristi
1461,Cristian
1462,Cristin
1463,Cristina
1464,Cristine
1465,Cristobal
1466,Cristofer
1467,Cristopher
1468,Cristy
1469,Crockett
1470,Cruz
1471,Crysta
1472,Crystal
1473,Cuba
1474,Cullen
1475,Curley
1476,Curt
1477,Curtis
1478,Curtiss
1479,Cydney
1480,Cyndi
1481,Cyntha
1482,Cynthia
1483,Cyril
1484,Cyrus
1485,Dabney
1486,Dafne
1487,Dagmar
1488,Dagny
1489,Dahlia
1490,Daija
1491,Daijah
1492,Daisey
1493,Daisha
1494,Daisie
1495,Daisy
1496,Daisye
1497,Daja
1498,Dakoda
1499,Dakota
1500,Dakotah
1501,Dale
1502,Dalia
1503,Dallas
1504,Dallin
1505,Dalton
1506,Dalvin
1507,Damarcus
1508,Damari
1509,Damarion
1510,Damaris
1511,Dameon
1512,Damian
1513,Damien
1514,Damion
1515,Damon
1516,Damond
1517,Dan
1518,Dana
1519,Danae
1520,Dandre
1521,Dane
1522,Daneen
1523,Danelle
1524,Danette
1525,Dangelo
1526,Dani
1527,Dania
1528,Danial
1529,Danica
1530,Daniel
1531,Daniela
1532,Daniele
1533,Daniella
1534,Danielle
1535,Danika
1536,Danita
1537,Dann
1538,Danna
1539,Dannie
1540,Danniel
1541,Dannielle
1542,Danny
1543,Dante
1544,Danyel
1545,Danyell
1546,Danyelle
1547,Daphne
1548,Daquan
1549,Dara
1550,Darby
1551,Darci
1552,Darcie
1553,Darcy
1554,Darell
1555,Daren
1556,Daria
1557,Darian
1558,Dariana
1559,Darien
1560,Darin
1561,Dario
1562,Darion
1563,Darius
1564,Darl
1565,Darla
1566,Darleen
1567,Darlene
1568,Darline
1569,Darlyne
1570,Darnell
1571,Darold
1572,Daron
1573,Darrel
1574,Darrell
1575,Darren
1576,Darrian
1577,Darrick
1578,Darrien
1579,Darrin
1580,Darrion
1581,Darrius
1582,Darron
1583,Darry
1584,Darryl
1585,Darryle
1586,Darryll
1587,Darryn
1588,Darvin
1589,Darwin
1590,Darwyn
1591,Daryl
1592,Daryle
1593,Daryn
1594,Dashawn
1595,Dasia
1596,Daulton
1597,Daunte
1598,Davante
1599,Dave
1600,Davey
1601,Davian
1602,David
1603,Davie
1604,Davin
1605,Davina
1606,Davion
1607,Davis
1608,Davon
1609,Davonta
1610,Davonte
1611,Davy
1612,Dawn
1613,Dawna
1614,Dawne
1615,Dawson
1616,Dax
1617,Daxton
1618,Dayami
1619,Dayana
1620,Dayanara
1621,Dayle
1622,Dayna
1623,Dayne
1624,Dayse
1625,Dayton
1626,Deacon
1627,Dean
1628,Deana
1629,Deandra
1630,Deandre
1631,Deane
1632,Deangelo
1633,Deann
1634,Deanna
1635,Deanne
1636,Deante
1637,Deasia
1638,Deb
1639,Debbi
1640,Debbie
1641,Debbra
1642,Debby
1643,Debera
1644,Debi
1645,Debora
1646,Deborah
1647,Deborrah
1648,Debra
1649,Debrah
1650,Debroah
1651,Declan
1652,Dedra
1653,Dedric
1654,Dedrick
1655,Dee
1656,Deeann
1657,Deedee
1658,Deegan
1659,Deena
1660,Deetta
1661,Deforest
1662,Deidra
1663,Deidre
1664,Deion
1665,Deirdre
1666,Deja
1667,Dejah
1668,Dejon
1669,Dejuan
1670,Del
1671,Delaney
1672,Delano
1673,Delbert
1674,Delcie
1675,Delfina
1676,Delia
1677,Deliah
1678,Delila
1679,Delilah
1680,Delina
1681,Delinda
1682,Delisa
1683,Dell
1684,Della
1685,Dellar
1686,Delle
1687,Dellia
1688,Dellie
1689,Delma
1690,Delmar
1691,Delmas
1692,Delmer
1693,Delmus
1694,Delois
1695,Delora
1696,Delores
1697,Deloris
1698,Delos
1699,Delpha
1700,Delphia
1701,Delphin
1702,Delphine
1703,Delsie
1704,Delta
1705,Delton
1706,Delvin
1707,Delwin
1708,Dema
1709,Demarco
1710,Demarcus
1711,Demario
1712,Demarion
1713,Demetra
1714,Demetri
1715,Demetria
1716,Demetric
1717,Demetrios
1718,Demetrius
1719,Demi
1720,Demian
1721,Demond
1722,Demonte
1723,Dempsey
1724,Dena
1725,Deneen
1726,Denese
1727,Denice
1728,Denine
1729,Denis
1730,Denise
1731,Denisha
1732,Denisse
1733,Denita
1734,Dennie
1735,Dennis
1736,Denny
1737,Denton
1738,Denver
1739,Denzel
1740,Denzell
1741,Denzil
1742,Deon
1743,Deondre
1744,Deonta
1745,Deontae
1746,Deonte
1747,Dequan
1748,Derald
1749,Dereck
1750,Derek
1751,Dereon
1752,Deric
1753,Derick
1754,Derik
1755,Derl
1756,Deron
1757,Derrek
1758,Derrell
1759,Derrick
1760,Derwin
1761,Deryl
1762,Desean
1763,Deshaun
1764,Deshawn
1765,Desi
1766,Desirae
1767,Desiree
1768,Desmond
1769,Dessa
1770,Dessie
1771,Destany
1772,Destin
1773,Destinee
1774,Destiney
1775,Destini
1776,Destiny
1777,Destry
1778,Devan
1779,Devante
1780,Devaughn
1781,Deven
1782,Devin
1783,Devon
1784,Devonta
1785,Devontae
1786,Devonte
1787,Devyn
1788,Deward
1789,Dewayne
1790,Dewey
1791,Dewitt
1792,Dexter
1793,Deyanira
1794,Dezzie
1795,Diallo
1796,Diamond
1797,Dian
1798,Diana
1799,Diandra
1800,Diane
1801,Diann
1802,Dianna
1803,Dianne
1804,Dicie
1805,Dick
1806,Dickie
1807,Dicy
1808,Diego
1809,Dijon
1810,Dillan
1811,Dillard
1812,Dillie
1813,Dillion
1814,Dillon
1815,Dimitri
1816,Dimitrios
1817,Dimple
1818,Dina
1819,Dinah
1820,Dink
1821,Dino
1822,Dion
1823,Dione
1824,Dionicio
1825,Dionne
1826,Dionte
1827,Dirk
1828,Dixie
1829,Dixon
1830,Diya
1831,Djuana
1832,Djuna
1833,Doc
1834,Docia
1835,Dock
1836,Doctor
1837,Dola
1838,Doll
1839,Dollie
1840,Dolly
1841,Dollye
1842,Dolores
1843,Doloris
1844,Dolph
1845,Dolphus
1846,Domenic
1847,Domenica
1848,Domenick
1849,Domenico
1850,Dominga
1851,Domingo
1852,Dominic
1853,Dominick
1854,Dominik
1855,Dominique
1856,Dominque
1857,Domonique
1858,Don
1859,Dona
1860,Donaciano
1861,Donal
1862,Donald
1863,Donat
1864,Donato
1865,Donavan
1866,Donavon
1867,Dondre
1868,Donell
1869,Donia
1870,Donie
1871,Donita
1872,Donn
1873,Donna
1874,Donnell
1875,Donnie
1876,Donny
1877,Donovan
1878,Donta
1879,Dontae
1880,Donte
1881,Dora
1882,Dorathea
1883,Dorathy
1884,Dorcas
1885,Doreen
1886,Dorene
1887,Doretha
1888,Doretta
1889,Dori
1890,Dorian
1891,Dorinda
1892,Dorine
1893,Doris
1894,Dorla
1895,Dorman
1896,Dorotha
1897,Dorothea
1898,Dorothy
1899,Dorr
1900,Dorris
1901,Dorsey
1902,Dortha
1903,Dorthea
1904,Dorthey
1905,Dorthy
1906,Dosha
1907,Doshia
1908,Doshie
1909,Dosia
1910,Doss
1911,Dossie
1912,Dot
1913,Dottie
1914,Dotty
1915,Doug
1916,Douglas
1917,Douglass
1918,Dove
1919,Dovie
1920,Dow
1921,Doyle
1922,Dozier
1923,Drake
1924,Draven
1925,Drema
1926,Drew
1927,Drucilla
1928,Drury
1929,Drusilla
1930,Duane
1931,Duard
1932,Dudley
1933,Duff
1934,Duke
1935,Dulce
1936,Dulcie
1937,Duncan
1938,Durell
1939,Durrell
1940,Durward
1941,Durwood
1942,Dustan
1943,Dustin
1944,Dusty
1945,Duwayne
1946,Dwain
1947,Dwaine
1948,Dwan
1949,Dwane
1950,Dwayne
1951,Dwight
1952,Dwyane
1953,Dyan
1954,Dylan
1955,Dyllan
1956,Dylon
1957,Ean
1958,Earl
1959,Earle
1960,Earlean
1961,Earlene
1962,Earley
1963,Earlie
1964,Earline
1965,Early
1966,Earnest
1967,Earnestine
1968,Eartha
1969,Easter
1970,Easton
1971,Eathel
1972,Ebb
1973,Ebba
1974,Ebbie
1975,Eben
1976,Ebenezer
1977,Eber
1978,Ebert
1979,Eboni
1980,Ebony
1981,Echo
1982,Ed
1983,Eda
1984,Edd
1985,Eddie
1986,Eddy
1987,Eden
1988,Edgar
1989,Edgardo
1990,Edie
1991,Edison
1992,Edith
1993,Edla
1994,Edmon
1995,Edmond
1996,Edmonia
1997,Edmund
1998,Edna
1999,Ednah
2000,Edra
2001,Edrie
2002,Edris
2003,Edsel
2004,Edson
2005,Eduardo
2006,Edw
2007,Edward
2008,Edwardo
2009,Edwin
2010,Edwina
2011,Edyth
2012,Edythe
2013,Effa
2014,Effie
2015,Efrain
2016,Efrem
2017,Efren
2018,Egbert
2019,Eileen
2020,Einar
2021,Eino
2022,Eithel
2023,Ela
2024,Elaina
2025,Elaine
2026,Elam
2027,Elana
2028,Elayne
2029,Elba
2030,Elbert
2031,Elberta
2032,Elbridge
2033,Elby
2034,Elda
2035,Elden
2036,Elder
2037,Eldon
2038,Eldora
2039,Eldred
2040,Eldridge
2041,Eleanor
2042,Eleanora
2043,Eleanore
2044,Elease
2045,Electa
2046,Elena
2047,Eleni
2048,Elenor
2049,Elenora
2050,Elenore
2051,Eleonora
2052,Eleonore
2053,Elex
2054,Elfie
2055,Elfreda
2056,Elfrieda
2057,Elgie
2058,Elgin
2059,Eli
2060,Elia
2061,Elian
2062,Eliana
2063,Elianna
2064,Elias
2065,Elick
2066,Elida
2067,Elie
2068,Eliezer
2069,Eliga
2070,Eligah
2071,Elige
2072,Elihu
2073,Elijah
2074,Elinor
2075,Elinore
2076,Eliot
2077,Elisa
2078,Elisabeth
2079,Elise
2080,Eliseo
2081,Elisha
2082,Elissa
2083,Eliza
2084,Elizabet
2085,Elizabeth
2086,Elizah
2087,Elizbeth
2088,Elizebeth
2089,Ell
2090,Ella
2091,Ellamae
2092,Ellar
2093,Elle
2094,Ellen
2095,Eller
2096,Ellery
2097,Elliana
2098,Ellie
2099,Elliot
2100,Elliott
2101,Ellis
2102,Ellison
2103,Ellsworth
2104,Ellwood
2105,Ellyn
2106,Elma
2107,Elmer
2108,Elmina
2109,Elmira
2110,Elmire
2111,Elmo
2112,Elmore
2113,Elmyra
2114,Elna
2115,Elnora
2116,Elodie
2117,Elois
2118,Eloisa
2119,Eloise
2120,Elon
2121,Elonzo
2122,Elouise
2123,Eloy
2124,Elroy
2125,Elsa
2126,Else
2127,Elsie
2128,Elsworth
2129,Elta
2130,Elton
2131,Elva
2132,Elvera
2133,Elvia
2134,Elvie
2135,Elvin
2136,Elvina
2137,Elvira
2138,Elvis
2139,Elwanda
2140,Elwin
2141,Elwood
2142,Elwyn
2143,Ely
2144,Elyse
2145,Elyssa
2146,Elza
2147,Elzada
2148,Elzie
2149,Elzy
2150,Ema
2151,Emaline
2152,Emanuel
2153,Emelia
2154,Emelie
2155,Emeline
2156,Emely
2157,Emerald
2158,Emerson
2159,Emery
2160,Emett
2161,Emil
2162,Emile
2163,Emilee
2164,Emilia
2165,Emiliano
2166,Emilie
2167,Emilio
2168,Emily
2169,Emit
2170,Emma
2171,Emmalee
2172,Emmaline
2173,Emmanuel
2174,Emmer
2175,Emmet
2176,Emmett
2177,Emmie
2178,Emmit
2179,Emmitt
2180,Emmons
2181,Emmy
2182,Emogene
2183,Emory
2184,Emry
2185,Ena
2186,Encarnacion
2187,Enid
2188,Ennis
2189,Enoch
2190,Enola
2191,Enos
2192,Enrico
2193,Enrique
2194,Enriqueta
2195,Enzo
2196,Eola
2197,Ephraim
2198,Ephram
2199,Ephriam
2200,Epifanio
2201,Eppie
2202,Epsie
2203,Era
2204,Erasmo
2205,Erasmus
2206,Erastus
2207,Erby
2208,Eric
2209,Erica
2210,Erich
2211,Erick
2212,Ericka
2213,Erie
2214,Erik
2215,Erika
2216,Erin
2217,Eris
2218,Erla
2219,Erland
2220,Erle
2221,Erlene
2222,Erlinda
2223,Erline
2224,Erling
2225,Erma
2226,Ermina
2227,Ermine
2228,Erna
2229,Ernest
2230,Ernestina
2231,Ernestine
2232,Ernesto
2233,Ernie
2234,Ernst
2235,Errol
2236,Ervin
2237,Erving
2238,Erwin
2239,Erykah
2240,Eryn
2241,Esau
2242,Esco
2243,Esequiel
2244,Esker
2245,Esley
2246,Esmeralda
2247,Esperanza
2248,Essa
2249,Essence
2250,Essex
2251,Essie
2252,Esta
2253,Esteban
2254,Estefani
2255,Estefania
2256,Estefany
2257,Estel
2258,Estela
2259,Estell
2260,Estella
2261,Estelle
2262,Ester
2263,Estes
2264,Estevan
2265,Esther
2266,Estie
2267,Estill
2268,Eston
2269,Estrella
2270,Etha
2271,Ethan
2272,Ethel
2273,Ethelbert
2274,Ethelene
2275,Ethelyn
2276,Ethen
2277,Ether
2278,Ethie
2279,Ethyl
2280,Ethyle
2281,Etna
2282,Etta
2283,Etter
2284,Ettie
2285,Eudora
2286,Eugene
2287,Eugenia
2288,Eugenie
2289,Eugenio
2290,Eula
2291,Eulah
2292,Eulalia
2293,Eulalie
2294,Euna
2295,Eunice
2296,Euphemia
2297,Eura
2298,Eusebio
2299,Eustace
2300,Eva
2301,Evalena
2302,Evaline
2303,Evalyn
2304,Evan
2305,Evander
2306,Evangelina
2307,Evangeline
2308,Evans
2309,Eve
2310,Evelena
2311,Evelin
2312,Evelina
2313,Eveline
2314,Evelyn
2315,Evelyne
2316,Ever
2317,Everet
2318,Everett
2319,Everette
2320,Evert
2321,Evertt
2322,Evette
2323,Evia
2324,Evie
2325,Evita
2326,Evon
2327,Evonne
2328,Ewald
2329,Ewart
2330,Ewell
2331,Ewin
2332,Ewing
2333,Exa
2334,Exie
2335,Ezekiel
2336,Ezell
2337,Ezequiel
2338,Ezra
2339,Ezzard
2340,Fabian
2341,Fabiola
2342,Fae
2343,Fairy
2344,Faith
2345,Fallon
2346,Falon
2347,Fannie
2348,Fanny
2349,Fannye
2350,Farah
2351,Faron
2352,Farrah
2353,Farrell
2354,Farris
2355,Fate
2356,Fatima
2357,Faustino
2358,Fawn
2359,Fay
2360,Faye
2361,Fayette
2362,Fed
2363,Federico
2364,Felecia
2365,Felice
2366,Felicia
2367,Felicie
2368,Felicitas
2369,Felicity
2370,Felipa
2371,Felipe
2372,Felisha
2373,Felix
2374,Felton
2375,Fenton
2376,Ferd
2377,Ferdinand
2378,Ferman
2379,Fern
2380,Fernand
2381,Fernanda
2382,Fernando
2383,Ferne
2384,Ferrell
2385,Ferris
2386,Festus
2387,Fidel
2388,Fidelia
2389,Fidencio
2390,Fielding
2391,Filomena
2392,Finis
2393,Finley
2394,Finn
2395,Finnegan
2396,Fiona
2397,Firman
2398,Fisher
2399,Fitzgerald
2400,Fitzhugh
2401,Flavia
2402,Fleda
2403,Fleet
2404,Fleeta
2405,Flem
2406,Fleming
2407,Fleta
2408,Fletcher
2409,Flint
2410,Flo
2411,Flonnie
2412,Flor
2413,Flora
2414,Florance
2415,Florence
2416,Florencio
2417,Florene
2418,Florentino
2419,Floretta
2420,Florian
2421,Florida
2422,Florie
2423,Florine
2424,Florrie
2425,Flossie
2426,Floy
2427,Floyd
2428,Foch
2429,Fonda
2430,Ford
2431,Forest
2432,Forrest
2433,Foster
2434,Fount
2435,Foy
2436,Fran
2437,Franc
2438,Frances
2439,Francesca
2440,Francesco
2441,Francies
2442,Francina
2443,Francine
2444,Francis
2445,Francisca
2446,Francisco
2447,Francisqui
2448,Franco
2449,Frank
2450,Frankie
2451,Franklin
2452,Franklyn
2453,Franz
2454,Frazier
2455,Fred
2456,Freda
2457,Freddie
2458,Freddy
2459,Frederic
2460,Frederica
2461,Frederick
2462,Fredericka
2463,Fredie
2464,Fredric
2465,Fredrick
2466,Fredy
2467,Freeda
2468,Freeman
2469,Freida
2470,Fremont
2471,French
2472,Frida
2473,Frieda
2474,Friend
2475,Fritz
2476,Frona
2477,Fronia
2478,Fronie
2479,Fronnie
2480,Fuller
2481,Fulton
2482,Fumiko
2483,Furman
2484,Gabe
2485,Gabriel
2486,Gabriela
2487,Gabriella
2488,Gabrielle
2489,Gael
2490,Gaetano
2491,Gage
2492,Gaige
2493,Gail
2494,Gaines
2495,Gaither
2496,Gale
2497,Galen
2498,Galilea
2499,Gannon
2500,Gardner
2501,Garett
2502,Garey
2503,Garfield
2504,Garland
2505,Garner
2506,Garnet
2507,Garnett
2508,Garold
2509,Garret
2510,Garrett
2511,Garrick
2512,Garrison
2513,Garry
2514,Garth
2515,Garvin
2516,Gary
2517,Gasper
2518,Gaston
2519,Gauge
2520,Gaven
2521,Gavin
2522,Gavyn
2523,Gay
2524,Gaye
2525,Gayla
2526,Gayle
2527,Gaylen
2528,Gaylene
2529,Gaylon
2530,Gaylord
2531,Gaynell
2532,Gearld
2533,Gearldine
2534,Geary
2535,Gee
2536,Gemma
2537,Gena
2538,Genaro
2539,Gene
2540,General
2541,Genesis
2542,Geneva
2543,Genevieve
2544,Genevra
2545,Genie
2546,Gennaro
2547,Gennie
2548,Geno
2549,Genoveva
2550,Geo
2551,Geoff
2552,Geoffrey
2553,Georganna
2554,George
2555,Georgeann
2556,Georgeanna
2557,Georgene
2558,Georgetta
2559,Georgette
2560,Georgia
2561,Georgiana
2562,Georgiann
2563,Georgianna
2564,Georgie
2565,Georgina
2566,Georgine
2567,Geovanni
2568,Gerald
2569,Geraldine
2570,Geraldo
2571,Geralyn
2572,Gerard
2573,Gerardo
2574,Gerda
2575,Gerhard
2576,Gerhardt
2577,Geri
2578,Germaine
2579,German
2580,Gerold
2581,Gerri
2582,Gerrit
2583,Gerry
2584,Gertha
2585,Gertie
2586,Gertrude
2587,Gia
2588,Giada
2589,Giana
2590,Giancarlo
2591,Gianna
2592,Gianni
2593,Gibson
2594,Gideon
2595,Gidget
2596,Gifford
2597,Gigi
2598,Gil
2599,Gilbert
2600,Gilberto
2601,Gilda
2602,Giles
2603,Gilford
2604,Gillian
2605,Gillie
2606,Gilman
2607,Gilmer
2608,Gilmore
2609,Gina
2610,Ginger
2611,Ginny
2612,Gino
2613,Giovani
2614,Giovanna
2615,Giovanni
2616,Giovanny
2617,Girtha
2618,Gisele
2619,Giselle
2620,Gisselle
2621,Giuliana
2622,Giuseppe
2623,Gladis
2624,Gladstone
2625,Gladyce
2626,Gladys
2627,Glen
2628,Glenda
2629,Glendon
2630,Glendora
2631,Glenn
2632,Glenna
2633,Glennie
2634,Glennis
2635,Glenwood
2636,Glinda
2637,Gloria
2638,Glover
2639,Glynda
2640,Glynis
2641,Glynn
2642,Godfrey
2643,Goebel
2644,Golda
2645,Golden
2646,Goldia
2647,Goldie
2648,Gonzalo
2649,Gorden
2650,Gordon
2651,Gorge
2652,Gottlieb
2653,Governor
2654,Grace
2655,Gracelyn
2656,Gracia
2657,Gracie
2658,Graciela
2659,Grady
2660,Grafton
2661,Graham
2662,Grant
2663,Granville
2664,Graves
2665,Gray
2666,Grayce
2667,Graydon
2668,Grayling
2669,Grayson
2670,Grecia
2671,Green
2672,Greene
2673,Greg
2674,Gregg
2675,Greggory
2676,Gregoria
2677,Gregorio
2678,Gregory
2679,Greta
2680,Gretchen
2681,Gretta
2682,Greyson
2683,Griffin
2684,Griffith
2685,Grisel
2686,Griselda
2687,Grove
2688,Grover
2689,Guadalupe
2690,Guido
2691,Guilford
2692,Guillermo
2693,Gunda
2694,Gunnar
2695,Gunner
2696,Gurney
2697,Gus
2698,Guss
2699,Gussie
2700,Gust
2701,Gusta
2702,Gustaf
2703,Gustav
2704,Gustave
2705,Gustavo
2706,Gustavus
2707,Gustie
2708,Guthrie
2709,Guy
2710,Gwen
2711,Gwenda
2712,Gwendolyn
2713,Gwyn
2714,Gwyneth
2715,Hadassah
2716,Haden
2717,Hadley
2718,Haiden
2719,Hailee
2720,Hailey
2721,Hailie
2722,Hakeem
2723,Hakim
2724,Hal
2725,Halbert
2726,Hale
2727,Haleigh
2728,Haley
2729,Hali
2730,Halie
2731,Hall
2732,Halle
2733,Halley
2734,Hallie
2735,Halsey
2736,Ham
2737,Hamilton
2738,Hamp
2739,Hampton
2740,Hamza
2741,Hana
2742,Handy
2743,Hank
2744,Hanna
2745,Hannah
2746,Hans
2747,Hansel
2748,Hansford
2749,Hanson
2750,Harden
2751,Hardie
2752,Hardin
2753,Harding
2754,Hardy
2755,Harl
2756,Harlan
2757,Harland
2758,Harlen
2759,Harlene
2760,Harley
2761,Harlie
2762,Harlon
2763,Harlow
2764,Harm
2765,Harman
2766,Harmon
2767,Harmony
2768,Harold
2769,Harper
2770,Harrell
2771,Harrie
2772,Harriet
2773,Harriett
2774,Harriette
2775,Harris
2776,Harrison
2777,Harrold
2778,Harry
2779,Hart
2780,Hartley
2781,Hartwell
2782,Haruko
2783,Harve
2784,Harvey
2785,Harvie
2786,Harvy
2787,Hasan
2788,Hasel
2789,Haskell
2790,Hassan
2791,Hassie
2792,Hattie
2793,Haven
2794,Hayden
2795,Hayes
2796,Haylee
2797,Hayleigh
2798,Hayley
2799,Haylie
2800,Hays
2801,Hayward
2802,Haywood
2803,Hazel
2804,Hazelle
2805,Hazen
2806,Hazle
2807,Heath
2808,Heather
2809,Heaven
2810,Heber
2811,Hebert
2812,Hector
2813,Hedwig
2814,Hedy
2815,Heidi
2816,Heidy
2817,Helaine
2818,Helen
2819,Helena
2820,Helene
2821,Helga
2822,Hellen
2823,Helma
2824,Helmer
2825,Helyn
2826,Hence
2827,Henderson
2828,Henery
2829,Hennie
2830,Henretta
2831,Henri
2832,Henrietta
2833,Henriette
2834,Henry
2835,Herb
2836,Herbert
2837,Heriberto
2838,Herlinda
2839,Herma
2840,Herman
2841,Hermann
2842,Hermina
2843,Hermine
2844,Herminia
2845,Hermon
2846,Hernan
2847,Herschel
2848,Hershel
2849,Hershell
2850,Hertha
2851,Hervey
2852,Hessie
2853,Hester
2854,Hettie
2855,Hetty
2856,Heyward
2857,Hezekiah
2858,Hezzie
2859,Hideo
2860,Hilah
2861,Hilario
2862,Hilary
2863,Hilbert
2864,Hilda
2865,Hildegard
2866,Hildegarde
2867,Hildred
2868,Hildur
2869,Hill
2870,Hillard
2871,Hillary
2872,Hillery
2873,Hilliard
2874,Hilma
2875,Hilmer
2876,Hilton
2877,Hiram
2878,Hiroshi
2879,Hjalmar
2880,Hjalmer
2881,Hobart
2882,Hobert
2883,Hobson
2884,Hoke
2885,Holden
2886,Holland
2887,Holli
2888,Hollie
2889,Hollis
2890,Holly
2891,Holmes
2892,Homer
2893,Honora
2894,Hoover
2895,Hope
2896,Horace
2897,Horacio
2898,Horatio
2899,Hortencia
2900,Hortense
2901,Hortensia
2902,Horton
2903,Hosea
2904,Hosie
2905,Hosteen
2906,Houston
2907,Howard
2908,Howell
2909,Hoy
2910,Hoyt
2911,Hubbard
2912,Hubert
2913,Hudson
2914,Huey
2915,Hugh
2916,Hughes
2917,Hughey
2918,Hughie
2919,Hugo
2920,Hulda
2921,Huldah
2922,Humberto
2923,Humphrey
2924,Hung
2925,Hunt
2926,Hunter
2927,Hurbert
2928,Hurley
2929,Huston
2930,Huy
2931,Hyman
2932,Hymen
2933,Hyrum
2934,Ian
2935,Ibrahim
2936,Ica
2937,Icey
2938,Icie
2939,Icy
2940,Ida
2941,Idabelle
2942,Idamae
2943,Idell
2944,Idella
2945,Iesha
2946,Ieshia
2947,Ignacio
2948,Ignatius
2949,Ignatz
2950,Ike
2951,Ila
2952,Ilah
2953,Ilda
2954,Ilene
2955,Iliana
2956,Illa
2957,Illya
2958,Ilma
2959,Ilo
2960,Ilona
2961,Ima
2962,Imani
2963,Imanol
2964,Imelda
2965,Immanuel
2966,Imo
2967,Imogene
2968,Ina
2969,India
2970,Indiana
2971,Inell
2972,Ines
2973,Inez
2974,Infant
2975,Inga
2976,Ingeborg
2977,Inger
2978,Ingram
2979,Ingrid
2980,Iola
2981,Iona
2982,Ione
2983,Ira
2984,Ireland
2985,Irena
2986,Irene
2987,Iridian
2988,Irine
2989,Iris
2990,Irl
2991,Irma
2992,Irva
2993,Irven
2994,Irvin
2995,Irvine
2996,Irving
2997,Irwin
2998,Isa
2999,Isaac
3000,Isaak
3001,Isabel
3002,Isabela
3003,Isabell
3004,Isabella
3005,Isabelle
3006,Isadora
3007,Isadore
3008,Isai
3009,Isaiah
3010,Isaias
3011,Isam
3012,Isamar
3013,Ishaan
3014,Isham
3015,Ishmael
3016,Isiah
3017,Isidor
3018,Isidore
3019,Isidro
3020,Isis
3021,Isla
3022,Ismael
3023,Isobel
3024,Isom
3025,Israel
3026,Isreal
3027,Issac
3028,Itzel
3029,Iva
3030,Ivah
3031,Ivan
3032,Ivana
3033,Iver
3034,Iverson
3035,Ivette
3036,Ivey
3037,Ivie
3038,Ivonne
3039,Ivor
3040,Ivory
3041,Ivy
3042,Iyana
3043,Iyanna
3044,Iza
3045,Izabella
3046,Izabelle
3047,Izaiah
3048,Izayah
3049,Izetta
3050,Izola
3051,Izora
3052,Jabari
3053,Jabbar
3054,Jabez
3055,Jacalyn
3056,Jace
3057,Jacey
3058,Jack
3059,Jackeline
3060,Jacki
3061,Jackie
3062,Jacklyn
3063,Jackson
3064,Jacky
3065,Jaclyn
3066,Jacob
3067,Jacoby
3068,Jacque
3069,Jacquelin
3070,Jacqueline
3071,Jacquelyn
3072,Jacquelynn
3073,Jacques
3074,Jacquez
3075,Jacquline
3076,Jacqulyn
3077,Jada
3078,Jade
3079,Jaden
3080,Jadiel
3081,Jadon
3082,Jadyn
3083,Jaeda
3084,Jaeden
3085,Jaelyn
3086,Jaelynn
3087,Jagger
3088,Jaheem
3089,Jaheim
3090,Jahiem
3091,Jahir
3092,Jaida
3093,Jaiden
3094,Jaidyn
3095,Jailene
3096,Jailyn
3097,Jaime
3098,Jaimee
3099,Jaimie
3100,Jair
3101,Jairo
3102,Jajuan
3103,Jakayla
3104,Jake
3105,Jakob
3106,Jakobe
3107,Jaleel
3108,Jaleesa
3109,Jalen
3110,Jalisa
3111,Jalissa
3112,Jaliyah
3113,Jalon
3114,Jalyn
3115,Jalynn
3116,Jamaal
3117,Jamal
3118,Jamar
3119,Jamarcus
3120,Jamari
3121,Jamarion
3122,Jame
3123,Jameel
3124,Jamel
3125,James
3126,Jameson
3127,Jamey
3128,Jami
3129,Jamie
3130,Jamil
3131,Jamila
3132,Jamin
3133,Jamir
3134,Jamison
3135,Jamiya
3136,Jammie
3137,Jamya
3138,Jan
3139,Jana
3140,Janae
3141,Janay
3142,Jane
3143,Janeen
3144,Janel
3145,Janell
3146,Janelle
3147,Janene
3148,Janessa
3149,Janet
3150,Janette
3151,Janey
3152,Janiah
3153,Janice
3154,Janie
3155,Janine
3156,Janis
3157,Janiya
3158,Janiyah
3159,Jann
3160,Janna
3161,Jannette
3162,Jannie
3163,January
3164,Janyce
3165,Jaquan
3166,Jaquelin
3167,Jaqueline
3168,Jaquez
3169,Jarad
3170,Jared
3171,Jaren
3172,Jaret
3173,Jarett
3174,Jarod
3175,Jaron
3176,Jarrad
3177,Jarred
3178,Jarrell
3179,Jarret
3180,Jarrett
3181,Jarrod
3182,Jarvis
3183,Jase
3184,Jasen
3185,Jasiah
3186,Jaslene
3187,Jaslyn
3188,Jasmin
3189,Jasmine
3190,Jasmyn
3191,Jasmyne
3192,Jason
3193,Jasper
3194,Jaunita
3195,Javen
3196,Javier
3197,Javion
3198,Javon
3199,Javonte
3200,Jax
3201,Jaxon
3202,Jaxson
3203,Jay
3204,Jayce
3205,Jaycee
3206,Jaycie
3207,Jayda
3208,Jaydan
3209,Jayde
3210,Jayden
3211,Jaydin
3212,Jaydon
3213,Jaye
3214,Jayla
3215,Jaylah
3216,Jaylan
3217,Jaylee
3218,Jayleen
3219,Jaylen
3220,Jaylene
3221,Jaylin
3222,Jaylon
3223,Jaylyn
3224,Jaylynn
3225,Jayme
3226,Jaymes
3227,Jayne
3228,Jayson
3229,Jayvion
3230,Jayvon
3231,Jazlene
3232,Jazlyn
3233,Jazlynn
3234,Jazmin
3235,Jazmine
3236,Jazmyn
3237,Jazmyne
3238,Jean
3239,Jeana
3240,Jeane
3241,Jeanetta
3242,Jeanette
3243,Jeanie
3244,Jeanine
3245,Jeanmarie
3246,Jeanna
3247,Jeanne
3248,Jeannette
3249,Jeannie
3250,Jeannine
3251,Jeb
3252,Jed
3253,Jedediah
3254,Jedidiah
3255,Jeff
3256,Jefferey
3257,Jefferson
3258,Jeffery
3259,Jeffie
3260,Jeffrey
3261,Jeffry
3262,Jelani
3263,Jemal
3264,Jemima
3265,Jena
3266,Jenelle
3267,Jenifer
3268,Jenilee
3269,Jenna
3270,Jennette
3271,Jenni
3272,Jennie
3273,Jennifer
3274,Jenniffer
3275,Jennings
3276,Jenny
3277,Jens
3278,Jensen
3279,Jep
3280,Jeptha
3281,Jerad
3282,Jerald
3283,Jeraldine
3284,Jeramiah
3285,Jeramie
3286,Jeramy
3287,Jere
3288,Jered
3289,Jerel
3290,Jereme
3291,Jeremey
3292,Jeremiah
3293,Jeremie
3294,Jeremy
3295,Jeri
3296,Jerica
3297,Jerilyn
3298,Jerilynn
3299,Jerimiah
3300,Jerimy
3301,Jermain
3302,Jermaine
3303,Jermey
3304,Jerod
3305,Jerold
3306,Jerome
3307,Jeromy
3308,Jerrad
3309,Jerrel
3310,Jerrell
3311,Jerri
3312,Jerrica
3313,Jerrie
3314,Jerrilyn
3315,Jerrod
3316,Jerrold
3317,Jerry
3318,Jerusha
3319,Jeryl
3320,Jesenia
3321,Jesica
3322,Jess
3323,Jesse
3324,Jessee
3325,Jessenia
3326,Jessi
3327,Jessica
3328,Jessie
3329,Jessika
3330,Jessy
3331,Jessye
3332,Jesus
3333,Jethro
3334,Jett
3335,Jetta
3336,Jettie
3337,Jevon
3338,Jewel
3339,Jewell
3340,Jiles
3341,Jill
3342,Jillian
3343,Jim
3344,Jimena
3345,Jimmie
3346,Jimmy
3347,Jinnie
3348,Jo
3349,Joan
3350,Joana
3351,Joanie
3352,Joann
3353,Joanna
3354,Joanne
3355,Joaquin
3356,Job
3357,Jobe
3358,Jocelyn
3359,Jocelyne
3360,Jocelynn
3361,Jodi
3362,Jodie
3363,Jody
3364,Joe
3365,Joel
3366,Joell
3367,Joella
3368,Joelle
3369,Joellen
3370,Joeseph
3371,Joesph
3372,Joetta
3373,Joette
3374,Joey
3375,Johan
3376,Johana
3377,Johanna
3378,Johannah
3379,Johathan
3380,Johnathan
3381,Johnathon
3382,Johney
3383,Johnie
3384,Johnna
3385,Johnnie
3386,Johnny
3387,Johnpaul
3388,Johnson
3389,Johny
3390,Joi
3391,Joleen
3392,Jolene
3393,Jolette
3394,Jolie
3395,Joline
3396,Jon
3397,Jonah
3398,Jonas
3399,Jonatan
3400,Jonathan
3401,Jonathon
3402,Jonell
3403,Jones
3404,Joni
3405,Jonna
3406,Jonnie
3407,Jordan
3408,Jorden
3409,Jordi
3410,Jordin
3411,Jordon
3412,Jordy
3413,Jordyn
3414,Joretta
3415,Jorge
3416,Jorja
3417,Jory
3418,Jose
3419,Josef
3420,Josefa
3421,Josefina
3422,Josefita
3423,Joselin
3424,Joseline
3425,Joseluis
3426,Joselyn
3427,Joseph
3428,Josephine
3429,Josephus
3430,Josette
3431,Josh
3432,Joshua
3433,Joshuah
3434,Josiah
3435,Josie
3436,Josiephine
3437,Joslyn
3438,Jossie
3439,Josue
3440,Journey
3441,Jovan
3442,Jovani
3443,Jovanni
3444,Jovanny
3445,Jovany
3446,Jovita
3447,Joy
3448,Joyce
3449,Joycelyn
3450,Joye
3451,Juan
3452,Juana
3453,Juanita
3454,Judah
3455,Judd
3456,Jude
3457,Judge
3458,Judi
3459,Judie
3460,Judith
3461,Judson
3462,Judy
3463,Judyth
3464,Jule
3465,Jules
3466,Juli
3467,Julia
3468,Julian
3469,Juliana
3470,Juliann
3471,Julianna
3472,Julianne
3473,Julie
3474,Julien
3475,Juliet
3476,Juliette
3477,Julio
3478,Julious
3479,Julisa
3480,Julissa
3481,Julius
3482,Juluis
3483,June
3484,Junia
3485,Junie
3486,Junior
3487,Junious
3488,Junius
3489,Justen
3490,Justice
3491,Justin
3492,Justina
3493,Justine
3494,Juston
3495,Justus
3496,Justyn
3497,Juwan
3498,Kaaren
3499,Kacey
3500,Kaci
3501,Kacie
3502,Kacy
3503,Kade
3504,Kadeem
3505,Kaden
3506,Kadence
3507,Kadijah
3508,Kadin
3509,Kadyn
3510,Kaeden
3511,Kael
3512,Kaela
3513,Kaelyn
3514,Kahlil
3515,Kai
3516,Kaia
3517,Kaiden
3518,Kaila
3519,Kailee
3520,Kailey
3521,Kailyn
3522,Kaitlin
3523,Kaitlyn
3524,Kaitlynn
3525,Kaiya
3526,Kala
3527,Kale
3528,Kaleb
3529,Kaleena
3530,Kaleigh
3531,Kalen
3532,Kalene
3533,Kaley
3534,Kali
3535,Kalie
3536,Kaliyah
3537,Kallie
3538,Kalvin
3539,Kalyn
3540,Kamari
3541,Kamden
3542,Kameron
3543,Kami
3544,Kamila
3545,Kamilah
3546,Kamora
3547,Kamren
3548,Kamron
3549,Kamryn
3550,Kandace
3551,Kandi
3552,Kandice
3553,Kandy
3554,Kane
3555,Kanesha
3556,Kanisha
3557,Kanye
3558,Kara
3559,Karan
3560,Kareem
3561,Kareen
3562,Karel
3563,Karen
3564,Kari
3565,Karie
3566,Karim
3567,Karin
3568,Karina
3569,Karis
3570,Karissa
3571,Karl
3572,Karla
3573,Karlee
3574,Karlene
3575,Karley
3576,Karli
3577,Karlie
3578,Karly
3579,Karma
3580,Karol
3581,Karolyn
3582,Karon
3583,Karren
3584,Karri
3585,Karrie
3586,Karson
3587,Karsyn
3588,Karter
3589,Karyl
3590,Karyme
3591,Karyn
3592,Kasandra
3593,Kasen
3594,Kasey
3595,Kash
3596,Kasie
3597,Kason
3598,Kassandra
3599,Kassidy
3600,Kassie
3601,Katarina
3602,Kate
3603,Katelin
3604,Katelyn
3605,Katelynn
3606,Katerina
3607,Kathaleen
3608,Katharina
3609,Katharine
3610,Katharyn
3611,Katherin
3612,Katherine
3613,Kathern
3614,Katheryn
3615,Kathey
3616,Kathi
3617,Kathie
3618,Kathleen
3619,Kathlene
3620,Kathlyn
3621,Kathrine
3622,Kathryn
3623,Kathryne
3624,Kathy
3625,Kathyrn
3626,Kati
3627,Katia
3628,Katie
3629,Katina
3630,Katlin
3631,Katlyn
3632,Katlynn
3633,Katrina
3634,Kattie
3635,Katy
3636,Kavon
3637,Kay
3638,Kaya
3639,Kaycee
3640,Kayden
3641,Kaydence
3642,Kaye
3643,Kayla
3644,Kaylah
3645,Kaylan
3646,Kaylee
3647,Kayleigh
3648,Kaylen
3649,Kaylene
3650,Kayley
3651,Kayli
3652,Kaylie
3653,Kaylin
3654,Kaylyn
3655,Kaylynn
3656,Kazuko
3657,Kazuo
3658,Keagan
3659,Keandre
3660,Keanna
3661,Keanu
3662,Keara
3663,Keaton
3664,Kecia
3665,Keegan
3666,Keeley
3667,Keely
3668,Keena
3669,Keenan
3670,Keenen
3671,Keesha
3672,Kegan
3673,Keifer
3674,Keila
3675,Keion
3676,Keira
3677,Keisha
3678,Keith
3679,Kelan
3680,Kelby
3681,Kelcie
3682,Keli
3683,Kelis
3684,Kellan
3685,Kellee
3686,Kellen
3687,Kelley
3688,Kelli
3689,Kellie
3690,Kelly
3691,Kelsea
3692,Kelsey
3693,Kelsi
3694,Kelsie
3695,Kelton
3696,Kelvin
3697,Kem
3698,Ken
3699,Kenan
3700,Kendal
3701,Kendall
3702,Kendell
3703,Kendra
3704,Kendrick
3705,Kenia
3706,Kenisha
3707,Kenji
3708,Kenley
3709,Kenna
3710,Kennard
3711,Kennedi
3712,Kennedy
3713,Kenneth
3714,Kenney
3715,Kennith
3716,Kennth
3717,Kenny
3718,Kent
3719,Kenton
3720,Kenya
3721,Kenyatta
3722,Kenyon
3723,Kenzie
3724,Keon
3725,Keri
3726,Kermit
3727,Kerri
3728,Kerrie
3729,Kerry
3730,Kerwin
3731,Kesha
3732,Keshaun
3733,Keshawn
3734,Keshia
3735,Kevan
3736,Keven
3737,Kevin
3738,Kevon
3739,Keyla
3740,Keyon
3741,Keyshawn
3742,Khadijah
3743,Khalid
3744,Khalil
3745,Khalilah
3746,Khari
3747,Khiry
3748,Khloe
3749,Kia
3750,Kian
3751,Kiana
3752,Kianna
3753,Kiara
3754,Kiarra
3755,Kiefer
3756,Kiel
3757,Kiera
3758,Kieran
3759,Kierra
3760,Kiersten
3761,Kieth
3762,Kiley
3763,Killian
3764,Kim
3765,Kimball
3766,Kimber
3767,Kimberely
3768,Kimberlee
3769,Kimberley
3770,Kimberli
3771,Kimberlie
3772,Kimberly
3773,Kimora
3774,Kindra
3775,King
3776,Kingston
3777,Kinley
3778,Kinsey
3779,Kinsley
3780,Kinte
3781,Kip
3782,Kipp
3783,Kira
3784,Kirby
3785,Kirk
3786,Kirsten
3787,Kirstie
3788,Kirstin
3789,Kirt
3790,Kisha
3791,Kit
3792,Kittie
3793,Kitty
3794,Kiya
3795,Kiyoko
3796,Kiyoshi
3797,Kizzie
3798,Kizzy
3799,Knox
3800,Knute
3801,Kobe
3802,Koby
3803,Koda
3804,Kody
3805,Koen
3806,Kolby
3807,Kole
3808,Kolten
3809,Kolton
3810,Konner
3811,Konnor
3812,Korbin
3813,Kordell
3814,Korey
3815,Kori
3816,Kortney
3817,Kory
3818,Kourtney
3819,Kraig
3820,Kris
3821,Krish
3822,Krissy
3823,Krista
3824,Kristal
3825,Kristan
3826,Kristen
3827,Kristi
3828,Kristian
3829,Kristie
3830,Kristin
3831,Kristina
3832,Kristine
3833,Kristofer
3834,Kristoffer
3835,Kristopher
3836,Kristy
3837,Kristyn
3838,Krysta
3839,Krystal
3840,Krysten
3841,Krystin
3842,Krystina
3843,Krystle
3844,Kunta
3845,Kurt
3846,Kurtis
3847,Kwame
3848,Kya
3849,Kyan
3850,Kyara
3851,Kyla
3852,Kylah
3853,Kylan
3854,Kyle
3855,Kylee
3856,Kyleigh
3857,Kylene
3858,Kyler
3859,Kylie
3860,Kymani
3861,Kyra
3862,Kyree
3863,Kyrie
3864,Kyson
3865,Lacey
3866,Laci
3867,Lacie
3868,Lacy
3869,Ladarius
3870,Laddie
3871,Ladonna
3872,Lady
3873,Lafayette
3874,Lafe
3875,Lahoma
3876,Laila
3877,Lailah
3878,Lainey
3879,Laisha
3880,Lakeisha
3881,Laken
3882,Lakendra
3883,Lakesha
3884,Lakeshia
3885,Lakisha
3886,Lala
3887,Lalla
3888,Lamar
3889,Lamarcus
3890,Lambert
3891,Lamont
3892,Lamonte
3893,Lana
3894,Lance
3895,Landan
3896,Landen
3897,Landin
3898,Landon
3899,Landyn
3900,Lane
3901,Lanette
3902,Laney
3903,Lani
3904,Lanie
3905,Lanita
3906,Lannie
3907,Lanny
3908,Laquan
3909,Laquita
3910,Lara
3911,Larae
3912,Laraine
3913,Larissa
3914,Lark
3915,Larkin
3916,Laron
3917,Larry
3918,Lars
3919,Larue
3920,Lary
3921,Lashanda
3922,Lashawn
3923,Lashonda
3924,Lashunda
3925,Lasonya
3926,Lassie
3927,Latanya
3928,Latarsha
3929,Latasha
3930,Latesha
3931,Latifah
3932,Latisha
3933,Latonia
3934,Latonya
3935,Latoria
3936,Latosha
3937,Latoya
3938,Latoyia
3939,Latrell
3940,Latrice
3941,Latricia
3942,Latrina
3943,Launa
3944,Laura
3945,Laurance
3946,Laureen
3947,Laurel
3948,Lauren
3949,Laurence
3950,Laurene
3951,Lauretta
3952,Laurette
3953,Lauri
3954,Laurie
3955,Laurine
3956,Lauryn
3957,Lavada
3958,Lavar
3959,Lavelle
3960,Lavenia
3961,Lavera
3962,Lavern
3963,Laverna
3964,Laverne
3965,Lavina
3966,Lavinia
3967,Lavon
3968,Lavona
3969,Lavonda
3970,Lavonia
3971,Lavonne
3972,Lawanda
3973,Lawerence
3974,Lawrance
3975,Lawrence
3976,Lawson
3977,Lawton
3978,Lawyer
3979,Layla
3980,Laylah
3981,Layne
3982,Layton
3983,Lazaro
3984,Le
3985,Lea
3986,Leafy
3987,Leah
3988,Leala
3989,Leamon
3990,Leana
3991,Leander
3992,Leandra
3993,Leandro
3994,Leaner
3995,Leann
3996,Leanna
3997,Leanne
3998,Leatha
3999,Leatrice
4000,Leda
4001,Lee
4002,Leeann
4003,Leeroy
4004,Leesa
4005,Leia
4006,Leif
4007,Leigh
4008,Leighton
4009,Leila
4010,Leilani
4011,Leisa
4012,Leisha
4013,Leitha
4014,Lela
4015,Lelah
4016,Leland
4017,Lelar
4018,Lelia
4019,Lella
4020,Lem
4021,Lemma
4022,Lemmie
4023,Lemon
4024,Lempi
4025,Lemuel
4026,Len
4027,Lena
4028,Lenard
4029,Lenna
4030,Lennie
4031,Lennon
4032,Lenny
4033,Lenon
4034,Lenora
4035,Lenord
4036,Lenore
4037,Lenwood
4038,Leo
4039,Leola
4040,Leoma
4041,Leon
4042,Leona
4043,Leonard
4044,Leonardo
4045,Leonce
4046,Leone
4047,Leonel
4048,Leonia
4049,Leonidas
4050,Leonie
4051,Leonor
4052,Leonora
4053,Leonore
4054,Leontine
4055,Leopold
4056,Leopoldo
4057,Leora
4058,Leota
4059,Lera
4060,Leroy
4061,Les
4062,Lesa
4063,Lesia
4064,Leslee
4065,Lesley
4066,Lesli
4067,Leslie
4068,Lesly
4069,Less
4070,Lessie
4071,Lesta
4072,Lester
4073,Leta
4074,Letha
4075,Lethia
4076,Leticia
4077,Letitia
4078,Letta
4079,Lettie
4080,Letty
4081,Leva
4082,Levar
4083,Levern
4084,Levi
4085,Levie
4086,Levin
4087,Levina
4088,Levon
4089,Levy
4090,Lew
4091,Lewis
4092,Lex
4093,Lexi
4094,Lexie
4095,Lexis
4096,Lexus
4097,Leyla
4098,Lia
4099,Liam
4100,Liana
4101,Liane
4102,Libbie
4103,Libby
4104,Liberty
4105,Lida
4106,Liddie
4107,Lidia
4108,Lidie
4109,Lige
4110,Lila
4111,Lilah
4112,Lilburn
4113,Lilia
4114,Lilian
4115,Liliana
4116,Lilianna
4117,Lilie
4118,Lilla
4119,Lillard
4120,Liller
4121,Lillia
4122,Lillian
4123,Lilliana
4124,Lillianna
4125,Lillie
4126,Lillis
4127,Lilly
4128,Lily
4129,Lilyan
4130,Lilyana
4131,Lim
4132,Lina
4133,Lincoln
4134,Linda
4135,Lindbergh
4136,Lindell
4137,Linden
4138,Lindsay
4139,Lindsey
4140,Lindy
4141,Linette
4142,Link
4143,Linn
4144,Linna
4145,Linnea
4146,Linnie
4147,Linsey
4148,Linton
4149,Linus
4150,Linwood
4151,Linzy
4152,Lionel
4153,Lisa
4154,Lisandro
4155,Lisbeth
4156,Lise
4157,Lisette
4158,Lish
4159,Lisha
4160,Lisle
4161,Lissa
4162,Lissette
4163,Lissie
4164,Liston
4165,Lita
4166,Litha
4167,Littie
4168,Little
4169,Littleton
4170,Litzy
4171,Livia
4172,Liz
4173,Liza
4174,Lizabeth
4175,Lizbeth
4176,Lizeth
4177,Lizette
4178,Lizzie
4179,Llewellyn
4180,Lloyd
4181,Lockie
4182,Loda
4183,Logan
4184,Lois
4185,Lola
4186,Lolita
4187,Lolla
4188,Lollie
4189,Loma
4190,Lon
4191,Lona
4192,London
4193,Londyn
4194,Lone
4195,Loney
4196,Long
4197,Loni
4198,Lonie
4199,Lonna
4200,Lonnie
4201,Lonny
4202,Lonzo
4203,Lora
4204,Loraine
4205,Loran
4206,Lorayne
4207,Lorean
4208,Loree
4209,Loreen
4210,Lorelai
4211,Lorelei
4212,Loren
4213,Lorena
4214,Lorene
4215,Lorenz
4216,Lorenza
4217,Lorenzo
4218,Loretta
4219,Loretto
4220,Lori
4221,Loria
4222,Loriann
4223,Lorie
4224,Lorin
4225,Lorinda
4226,Lorine
4227,Loring
4228,Loris
4229,Lorna
4230,Lorne
4231,Lorraine
4232,Lorrayne
4233,Lorri
4234,Lorrie
4235,Lossie
4236,Lota
4237,Lott
4238,Lotta
4239,Lottie
4240,Lou
4241,Louann
4242,Louanna
4243,Louella
4244,Louetta
4245,Louie
4246,Louis
4247,Louisa
4248,Louise
4249,Louisiana
4250,Loula
4251,Lourdes
4252,Louvenia
4253,Love
4254,Lovell
4255,Lovett
4256,Lovey
4257,Lovie
4258,Lovina
4259,Lovisa
4260,Lowell
4261,Loy
4262,Loyal
4263,Loyce
4264,Loyd
4265,Lu
4266,Luana
4267,Luann
4268,Luanne
4269,Luberta
4270,Luc
4271,Luca
4272,Lucas
4273,Lucero
4274,Lucetta
4275,Lucia
4276,Lucian
4277,Luciana
4278,Luciano
4279,Lucie
4280,Lucien
4281,Lucile
4282,Lucille
4283,Lucina
4284,Lucinda
4285,Lucindy
4286,Lucio
4287,Lucious
4288,Lucius
4289,Lucky
4290,Lucretia
4291,Lucy
4292,Luda
4293,Ludie
4294,Ludwig
4295,Lue
4296,Luella
4297,Luetta
4298,Lugenia
4299,Luigi
4300,Luis
4301,Luisa
4302,Luka
4303,Lukas
4304,Luke
4305,Lula
4306,Lulah
4307,Lular
4308,Lulie
4309,Lulla
4310,Lulu
4311,Lum
4312,Luna
4313,Lupe
4314,Lura
4315,Lurana
4316,Lurena
4317,Lurline
4318,Luster
4319,Lute
4320,Luther
4321,Lutie
4322,Luvenia
4323,Luverne
4324,Luvinia
4325,Luz
4326,Lyda
4327,Lydell
4328,Lydia
4329,Lyla
4330,Lyle
4331,Lyman
4332,Lyn
4333,Lynda
4334,Lyndia
4335,Lyndon
4336,Lyndsay
4337,Lyndsey
4338,Lynette
4339,Lynn
4340,Lynne
4341,Lynnette
4342,Lynsey
4343,Lynwood
4344,Lyric
4345,Mabel
4346,Mabell
4347,Mabelle
4348,Mable
4349,Mac
4350,Macarthur
4351,Mace
4352,Macel
4353,Maceo
4354,Macey
4355,Machelle
4356,Maci
4357,Macie
4358,Mack
4359,Mackenzie
4360,Macy
4361,Madaline
4362,Madalyn
4363,Madalynn
4364,Madden
4365,Maddison
4366,Maddox
4367,Madeleine
4368,Madelene
4369,Madeline
4370,Madelyn
4371,Madelynn
4372,Madge
4373,Madie
4374,Madilyn
4375,Madilynn
4376,Madisen
4377,Madison
4378,Madisyn
4379,Madlyn
4380,Madonna
4381,Madora
4382,Madyson
4383,Mae
4384,Maebell
4385,Maebelle
4386,Maegan
4387,Maeve
4388,Mafalda
4389,Magan
4390,Magdalen
4391,Magdalena
4392,Magdalene
4393,Magen
4394,Maggie
4395,Magnolia
4396,Mahala
4397,Mahalia
4398,Mahalie
4399,Mahlon
4400,Mai
4401,Maia
4402,Maida
4403,Maira
4404,Maiya
4405,Major
4406,Makai
4407,Makaila
4408,Makala
4409,Makayla
4410,Makena
4411,Makenna
4412,Makenzie
4413,Makhi
4414,Mal
4415,Malachi
4416,Malakai
4417,Malaki
4418,Malaya
4419,Malcolm
4420,Malcom
4421,Male
4422,Maleah
4423,Malia
4424,Malik
4425,Malinda
4426,Malissa
4427,Malissie
4428,Maliyah
4429,Mallie
4430,Mallorie
4431,Mallory
4432,Malorie
4433,Malvin
4434,Malvina
4435,Mame
4436,Mamie
4437,Mammie
4438,Manda
4439,Mandi
4440,Mandie
4441,Mandy
4442,Manerva
4443,Manervia
4444,Manford
4445,Manie
4446,Manila
4447,Manilla
4448,Manley
4449,Manly
4450,Mannie
4451,Manning
4452,Mansfield
4453,Manson
4454,Manuel
4455,Manuela
4456,Manuelita
4457,Mara
4458,Maralyn
4459,Maranda
4460,Marc
4461,Marcel
4462,Marcela
4463,Marcelina
4464,Marceline
4465,Marcelino
4466,Marcella
4467,Marcelle
4468,Marcello
4469,Marcellus
4470,Marcelo
4471,Marchello
4472,Marci
4473,Marcia
4474,Marcie
4475,Marco
4476,Marcos
4477,Marcus
4478,Marcy
4479,Mardell
4480,Mareli
4481,Marely
4482,Maren
4483,Margaret
4484,Margarete
4485,Margaretha
4486,Margarett
4487,Margaretta
4488,Margarette
4489,Margarita
4490,Margarite
4491,Margarito
4492,Marge
4493,Margene
4494,Margeret
4495,Margery
4496,Marget
4497,Margie
4498,Margo
4499,Margot
4500,Margret
4501,Margrett
4502,Margretta
4503,Marguerite
4504,Margueritta
4505,Margurite
4506,Margy
4507,Mari
4508,Maria
4509,Mariah
4510,Mariam
4511,Marian
4512,Mariana
4513,Marianita
4514,Mariann
4515,Marianna
4516,Marianne
4517,Mariano
4518,Maribel
4519,Maribeth
4520,Maricela
4521,Marie
4522,Mariel
4523,Mariela
4524,Marietta
4525,Marilee
4526,Marilla
4527,Marilou
4528,Marilyn
4529,Marilynn
4530,Marin
4531,Marina
4532,Marinda
4533,Mario
4534,Marion
4535,Marisa
4536,Marisela
4537,Marisol
4538,Marissa
4539,Marita
4540,Maritza
4541,Marius
4542,Mariyah
4543,Marjorie
4544,Marjory
4545,Mark
4546,Markel
4547,Markell
4548,Markita
4549,Markus
4550,Marla
4551,Marlana
4552,Marland
4553,Marlee
4554,Marleen
4555,Marlen
4556,Marlena
4557,Marlene
4558,Marley
4559,Marlie
4560,Marlin
4561,Marlo
4562,Marlon
4563,Marlyn
4564,Marlys
4565,Marni
4566,Marnie
4567,Marnita
4568,Marolyn
4569,Marques
4570,Marquez
4571,Marquis
4572,Marquise
4573,Marquita
4574,Marrion
4575,Marry
4576,Marsh
4577,Marsha
4578,Marshal
4579,Marshall
4580,Mart
4581,Marta
4582,Martell
4583,Martez
4584,Martha
4585,Marti
4586,Martika
4587,Martin
4588,Martina
4589,Martine
4590,Marty
4591,Marva
4592,Marvel
4593,Marvin
4594,Mary
4595,Maryam
4596,Maryann
4597,Maryanne
4598,Marybelle
4599,Marybeth
4600,Maryellen
4601,Maryjane
4602,Maryjo
4603,Marylee
4604,Marylin
4605,Marylou
4606,Marylouise
4607,Marylyn
4608,Masako
4609,Masao
4610,Mason
4611,Mat
4612,Mateo
4613,Math
4614,Mathew
4615,Mathews
4616,Mathias
4617,Mathilda
4618,Mathilde
4619,Matias
4620,Matie
4621,Matilda
4622,Matilde
4623,Matt
4624,Matteo
4625,Matthew
4626,Matthias
4627,Mattie
4628,Mattye
4629,Maud
4630,Maude
4631,Maudie
4632,Maura
4633,Maureen
4634,Maurice
4635,Mauricio
4636,Maurine
4637,Mauro
4638,Maury
4639,Maverick
4640,Mavis
4641,Max
4642,Maxie
4643,Maxim
4644,Maximilian
4645,Maximillian
4646,Maximo
4647,Maximus
4648,Maxine
4649,Maxwell
4650,May
4651,Maya
4652,Maybell
4653,Maybelle
4654,Maye
4655,Mayme
4656,Maymie
4657,Maynard
4658,Mayo
4659,Mayra
4660,Mazie
4661,Mcarthur
4662,Mckayla
4663,Mckenna
4664,Mckenzie
4665,Mckinley
4666,Meadow
4667,Meagan
4668,Meaghan
4669,Mearl
4670,Mechelle
4671,Meda
4672,Media
4673,Medora
4674,Meg
4675,Megan
4676,Meggan
4677,Meghan
4678,Meghann
4679,Mekhi
4680,Mel
4681,Melanie
4682,Melany
4683,Melba
4684,Melbourne
4685,Melina
4686,Melinda
4687,Melisa
4688,Melissa
4689,Melissia
4690,Mell
4691,Mellie
4692,Mellisa
4693,Mellissa
4694,Melodee
4695,Melodie
4696,Melody
4697,Melonie
4698,Melony
4699,Melton
4700,Melva
4701,Melville
4702,Melvin
4703,Melvina
4704,Melvyn
4705,Memphis
4706,Mena
4707,Menachem
4708,Mendy
4709,Mercedes
4710,Mercer
4711,Mercy
4712,Meredith
4713,Merilyn
4714,Merl
4715,Merle
4716,Merlene
4717,Merlin
4718,Merlyn
4719,Merna
4720,Merri
4721,Merrie
4722,Merrilee
4723,Merrill
4724,Merrily
4725,Merritt
4726,Merry
4727,Mertie
4728,Merton
4729,Mervin
4730,Mervyn
4731,Merwin
4732,Meryl
4733,Messiah
4734,Meta
4735,Metha
4736,Metro
4737,Metta
4738,Mettie
4739,Meyer
4740,Mia
4741,Miah
4742,Micaela
4743,Micah
4744,Micayla
4745,Michael
4746,Michaela
4747,Michaele
4748,Michal
4749,Michale
4750,Micheal
4751,Michel
4752,Michele
4753,Michelina
4754,Michell
4755,Michelle
4756,Michial
4757,Mickey
4758,Mickie
4759,Micky
4760,Miesha
4761,Migdalia
4762,Mignon
4763,Miguel
4764,Miguelangel
4765,Mikaela
4766,Mikaila
4767,Mikal
4768,Mikala
4769,Mikalah
4770,Mikayla
4771,Mike
4772,Mikeal
4773,Mikel
4774,Mikhail
4775,Mila
4776,Milagros
4777,Milan
4778,Milas
4779,Milburn
4780,Milda
4781,Mildred
4782,Miles
4783,Miley
4784,Milford
4785,Milissa
4786,Millard
4787,Miller
4788,Millicent
4789,Millie
4790,Mills
4791,Milly
4792,Milo
4793,Milton
4794,Mima
4795,Mimi
4796,Mina
4797,Minda
4798,Mindi
4799,Mindy
4800,Miner
4801,Minerva
4802,Minervia
4803,Minna
4804,Minnie
4805,Minor
4806,Minoru
4807,Minta
4808,Mintie
4809,Mira
4810,Miracle
4811,Miranda
4812,Mireya
4813,Miriah
4814,Miriam
4815,Mirtie
4816,Misael
4817,Missie
4818,Missouri
4819,Missy
4820,Misti
4821,Mistie
4822,Misty
4823,Mitch
4824,Mitchel
4825,Mitchell
4826,Mittie
4827,Mitzi
4828,Miya
4829,Modena
4830,Moe
4831,Moesha
4832,Mohamed
4833,Mohammad
4834,Mohammed
4835,Moira
4836,Moises
4837,Mollie
4838,Molly
4839,Mona
4840,Monica
4841,Monika
4842,Monique
4843,Monna
4844,Monnie
4845,Monroe
4846,Monserrat
4847,Mont
4848,Montana
4849,Monte
4850,Montel
4851,Montgomery
4852,Montie
4853,Montrell
4854,Montserrat
4855,Monty
4856,Moody
4857,Mora
4858,Mordechai
4859,Morgan
4860,Moriah
4861,Morris
4862,Mortimer
4863,Morton
4864,Mose
4865,Moses
4866,Moshe
4867,Mossie
4868,Mozell
4869,Mozella
4870,Mozelle
4871,Muhammad
4872,Murdock
4873,Muriel
4874,Murl
4875,Murphy
4876,Murray
4877,Murry
4878,Mustafa
4879,Mya
4880,Myah
4881,Mychal
4882,Myer
4883,Mykel
4884,Myla
4885,Mylee
4886,Myles
4887,Mylie
4888,Myra
4889,Myranda
4890,Myrl
4891,Myrle
4892,Myrna
4893,Myron
4894,Myrta
4895,Myrtice
4896,Myrtie
4897,Myrtis
4898,Myrtle
4899,Nada
4900,Nadia
4901,Nadine
4902,Naima
4903,Najee
4904,Nakia
4905,Nakisha
4906,Nakita
4907,Nallely
4908,Namon
4909,Nan
4910,Nana
4911,Nanci
4912,Nancie
4913,Nancy
4914,Nanette
4915,Nanie
4916,Nanna
4917,Nannette
4918,Nannie
4919,Naoma
4920,Naomi
4921,Napoleon
4922,Narcissus
4923,Nash
4924,Nasir
4925,Nat
4926,Natalee
4927,Natalia
4928,Natalie
4929,Nataly
4930,Natalya
4931,Natasha
4932,Nathalia
4933,Nathalie
4934,Nathaly
4935,Nathan
4936,Nathanael
4937,Nathanial
4938,Nathaniel
4939,Nathen
4940,Natosha
4941,Nautica
4942,Nayeli
4943,Nayely
4944,Neal
4945,Nealie
4946,Nealy
4947,Ned
4948,Nedra
4949,Needham
4950,Neely
4951,Neha
4952,Nehemiah
4953,Neil
4954,Nelda
4955,Nelia
4956,Nelie
4957,Nell
4958,Nella
4959,Nelle
4960,Nellie
4961,Nello
4962,Nelly
4963,Nels
4964,Nelson
4965,Nena
4966,Neola
4967,Neoma
4968,Neppie
4969,Nereida
4970,Nery
4971,Nestor
4972,Neta
4973,Netta
4974,Nettie
4975,Neva
4976,Nevada
4977,Nevaeh
4978,Neveah
4979,Nevin
4980,Newell
4981,Newman
4982,Newt
4983,Newton
4984,Nia
4985,Nichelle
4986,Nichol
4987,Nicholas
4988,Nicholaus
4989,Nichole
4990,Nick
4991,Nicki
4992,Nicklaus
4993,Nickolas
4994,Nicky
4995,Nico
4996,Nicola
4997,Nicolas
4998,Nicole
4999,Nicolette
5000,Nicolle
5001,Nigel
5002,Nikhil
5003,Niki
5004,Nikia
5005,Nikita
5006,Nikki
5007,Nikko
5008,Niko
5009,Nikolai
5010,Nikolas
5011,Nikole
5012,Nila
5013,Nilda
5014,Nile
5015,Niles
5016,Nils
5017,Nim
5018,Nina
5019,Ninnie
5020,Nira
5021,Nita
5022,Noah
5023,Nobie
5024,Noble
5025,Noe
5026,Noel
5027,Noelia
5028,Noelle
5029,Noemi
5030,Noemie
5031,Nohely
5032,Nola
5033,Nolan
5034,Nolen
5035,Nolia
5036,Nolie
5037,Noma
5038,Nona
5039,Nonie
5040,Nora
5041,Norah
5042,Norbert
5043,Norberto
5044,Noreen
5045,Norene
5046,Noreta
5047,Noretta
5048,Norine
5049,Norita
5050,Norma
5051,Norman
5052,Normand
5053,Norris
5054,North
5055,Norton
5056,Norval
5057,Norwood
5058,Nova
5059,Novella
5060,Nunzio
5061,Nya
5062,Nyah
5063,Nyasia
5064,Nyla
5065,Nylah
5066,Nyree
5067,Oakley
5068,Obe
5069,Obed
5070,Obie
5071,Ocie
5072,Octa
5073,Octave
5074,Octavia
5075,Octavie
5076,Octavio
5077,Octavius
5078,Oda
5079,Odalis
5080,Odalys
5081,Oddie
5082,Odelia
5083,Odell
5084,Odessa
5085,Odette
5086,Odie
5087,Odile
5088,Odin
5089,Odis
5090,Odus
5091,Ofelia
5092,Offie
5093,Ogden
5094,Okey
5095,Ola
5096,Olaf
5097,Olan
5098,Oland
5099,Olar
5100,Ole
5101,Olen
5102,Olena
5103,Olene
5104,Oleta
5105,Olevia
5106,Oley
5107,Olga
5108,Olie
5109,Olin
5110,Olinda
5111,Oline
5112,Oliva
5113,Olive
5114,Oliver
5115,Olivia
5116,Olivine
5117,Ollie
5118,Olof
5119,Olympia
5120,Oma
5121,Omar
5122,Omari
5123,Omarion
5124,Omer
5125,Omie
5126,Ona
5127,Oneal
5128,Oneida
5129,Oneta
5130,Oney
5131,Onie
5132,Onnie
5133,Opal
5134,Opha
5135,Ophelia
5136,Ora
5137,Orah
5138,Oral
5139,Oralia
5140,Oran
5141,Orange
5142,Orelia
5143,Oren
5144,Orene
5145,Orie
5146,Orilla
5147,Orin
5148,Orion
5149,Oris
5150,Orla
5151,Orland
5152,Orlando
5153,Orlena
5154,Orley
5155,Orlin
5156,Orlo
5157,Orma
5158,Orpha
5159,Orra
5160,Orren
5161,Orrie
5162,Orrin
5163,Orris
5164,Orson
5165,Orval
5166,Orvel
5167,Orvil
5168,Orville
5169,Orvin
5170,Orvis
5171,Osa
5172,Osbaldo
5173,Osborn
5174,Osborne
5175,Oscar
5176,Osie
5177,Ossie
5178,Osvaldo
5179,Oswald
5180,Oswaldo
5181,Ota
5182,Otelia
5183,Otha
5184,Othel
5185,Otho
5186,Otis
5187,Ott
5188,Ottie
5189,Ottilia
5190,Ottilie
5191,Ottis
5192,Otto
5193,Ouida
5194,Ova
5195,Ovid
5196,Ovila
5197,Owen
5198,Owens
5199,Ozell
5200,Ozella
5201,Ozie
5202,Ozzie
5203,Pablo
5204,Page
5205,Paige
5206,Pairlee
5207,Paisley
5208,Paityn
5209,Pallie
5210,Palma
5211,Palmer
5212,Paloma
5213,Pam
5214,Pamala
5215,Pamela
5216,Pamelia
5217,Pamella
5218,Pandora
5219,Pansy
5220,Paola
5221,Paralee
5222,Paris
5223,Park
5224,Parker
5225,Parlee
5226,Parley
5227,Parrish
5228,Parthenia
5229,Pascal
5230,Pasquale
5231,Pat
5232,Pate
5233,Patience
5234,Patric
5235,Patrica
5236,Patrice
5237,Patricia
5238,Patrick
5239,Patsy
5240,Patti
5241,Pattie
5242,Patty
5243,Paul
5244,Paula
5245,Pauletta
5246,Paulette
5247,Paulina
5248,Pauline
5249,Paulo
5250,Paxton
5251,Payten
5252,Payton
5253,Pearl
5254,Pearla
5255,Pearle
5256,Pearlene
5257,Pearley
5258,Pearlie
5259,Pearline
5260,Pearly
5261,Pedro
5262,Peggie
5263,Peggy
5264,Penelope
5265,Penni
5266,Pennie
5267,Penny
5268,Pepper
5269,Percival
5270,Percy
5271,Perla
5272,Perley
5273,Permelia
5274,Pernell
5275,Perri
5276,Perry
5277,Pershing
5278,Pete
5279,Peter
5280,Petra
5281,Peyton
5282,Phebe
5283,Pheobe
5284,Phil
5285,Philip
5286,Phillip
5287,Phillis
5288,Philo
5289,Philomena
5290,Philomene
5291,Phoebe
5292,Phoenix
5293,Phylicia
5294,Phylis
5295,Phyliss
5296,Phyllis
5297,Pierce
5298,Pierre
5299,Pink
5300,Pinkey
5301,Pinkie
5302,Pinkney
5303,Piper
5304,Pleas
5305,Pleasant
5306,Ples
5307,Pluma
5308,Plummer
5309,Polk
5310,Pollie
5311,Polly
5312,Porfirio
5313,Porsche
5314,Porsha
5315,Porter
5316,Portia
5317,Posey
5318,Powell
5319,Pranav
5320,Pratt
5321,Precious
5322,Prentice
5323,Prentiss
5324,Presley
5325,Press
5326,Preston
5327,Price
5328,Pricilla
5329,Primus
5330,Prince
5331,Princess
5332,Priscila
5333,Priscilla
5334,Prosper
5335,Prudence
5336,Prudie
5337,Pryor
5338,Purl
5339,Qiana
5340,Queen
5341,Queenie
5342,Quentin
5343,Quiana
5344,Quincy
5345,Quinn
5346,Quint
5347,Quinten
5348,Quintin
5349,Quinton
5350,Rachael
5351,Racheal
5352,Rachel
5353,Rachelle
5354,Racquel
5355,Rae
5356,Raegan
5357,Raekwon
5358,Raelynn
5359,Rafael
5360,Rafaela
5361,Rafe
5362,Ragna
5363,Raheem
5364,Rahn
5365,Rahsaan
5366,Rahul
5367,Raiden
5368,Raina
5369,Rakeem
5370,Raleigh
5371,Ralph
5372,Ramiro
5373,Ramon
5374,Ramona
5375,Ramsey
5376,Rance
5377,Rand
5378,Randal
5379,Randall
5380,Randel
5381,Randell
5382,Randi
5383,Randle
5384,Randolf
5385,Randolph
5386,Randy
5387,Ransom
5388,Raoul
5389,Raphael
5390,Raquan
5391,Raquel
5392,Ras
5393,Rashaad
5394,Rashaan
5395,Rashad
5396,Rashawn
5397,Rasheed
5398,Rashida
5399,Raul
5400,Raven
5401,Ray
5402,Rayan
5403,Rayburn
5404,Rayfield
5405,Rayford
5406,Raymon
5407,Raymond
5408,Raymundo
5409,Rayna
5410,Raynard
5411,Rayne
5412,Rayshawn
5413,Reagan
5414,Reanna
5415,Reason
5416,Reatha
5417,Reba
5418,Rebeca
5419,Rebecca
5420,Rebekah
5421,Red
5422,Redden
5423,Redmond
5424,Reece
5425,Reed
5426,Reese
5427,Refugio
5428,Regan
5429,Regena
5430,Regenia
5431,Reggie
5432,Regina
5433,Reginal
5434,Reginald
5435,Regis
5436,Reid
5437,Reilly
5438,Reina
5439,Reinaldo
5440,Reinhold
5441,Reino
5442,Rella
5443,Remington
5444,Rena
5445,Renada
5446,Renae
5447,Renaldo
5448,Renard
5449,Renata
5450,Rene
5451,Renea
5452,Renee
5453,Renita
5454,Rennie
5455,Reno
5456,Ressie
5457,Reta
5458,Retha
5459,Retta
5460,Rettie
5461,Reuben
5462,Reubin
5463,Reva
5464,Rex
5465,Rexford
5466,Rey
5467,Reyes
5468,Reyna
5469,Reynaldo
5470,Reynold
5471,Reynolds
5472,Rhea
5473,Rheta
5474,Rhett
5475,Rhianna
5476,Rhiannon
5477,Rhoda
5478,Rhona
5479,Rhonda
5480,Rhys
5481,Rian
5482,Rianna
5483,Ricardo
5484,Ricci
5485,Rice
5486,Rich
5487,Richard
5488,Richelle
5489,Richie
5490,Richmond
5491,Rick
5492,Rickey
5493,Ricki
5494,Rickie
5495,Ricky
5496,Rico
5497,Ridge
5498,Rigoberto
5499,Rihanna
5500,Rikki
5501,Riley
5502,Rilla
5503,Rillie
5504,Rinda
5505,Risa
5506,Rishi
5507,Rita
5508,Ritchie
5509,River
5510,Riya
5511,Rob
5512,Robb
5513,Robbie
5514,Robbin
5515,Robby
5516,Robert
5517,Roberta
5518,Roberto
5519,Robin
5520,Robley
5521,Robt
5522,Roby
5523,Robyn
5524,Rocco
5525,Rochelle
5526,Rocio
5527,Rock
5528,Rocky
5529,Rod
5530,Roddy
5531,Roderic
5532,Roderick
5533,Rodger
5534,Rodney
5535,Rodolfo
5536,Rodrick
5537,Rodrigo
5538,Roe
5539,Roel
5540,Roena
5541,Rogelio
5542,Roger
5543,Rogers
5544,Rohan
5545,Roland
5546,Rolanda
5547,Rolando
5548,Rolf
5549,Roll
5550,Rolla
5551,Rolland
5552,Rollie
5553,Rollin
5554,Rollo
5555,Roma
5556,Romaine
5557,Roman
5558,Rome
5559,Romello
5560,Romeo
5561,Romie
5562,Romona
5563,Ron
5564,Rona
5565,Ronal
5566,Ronald
5567,Ronaldo
5568,Ronan
5569,Ronda
5570,Rondal
5571,Roni
5572,Ronin
5573,Ronna
5574,Ronnie
5575,Ronny
5576,Roosevelt
5577,Rory
5578,Rosa
5579,Rosabelle
5580,Rosalee
5581,Rosalia
5582,Rosalie
5583,Rosalind
5584,Rosalinda
5585,Rosaline
5586,Rosalyn
5587,Rosamond
5588,Rosann
5589,Rosanna
5590,Rosanne
5591,Rosaria
5592,Rosario
5593,Rosco
5594,Roscoe
5595,Rose
5596,Roseann
5597,Roseanna
5598,Roseanne
5599,Rosella
5600,Roselyn
5601,Rosemarie
5602,Rosemary
5603,Rosena
5604,Rosendo
5605,Rosetta
5606,Rosevelt
5607,Rosey
5608,Rosia
5609,Rosie
5610,Rosina
5611,Rosita
5612,Roslyn
5613,Ross
5614,Rossie
5615,Roswell
5616,Rosy
5617,Rowan
5618,Rowena
5619,Rowland
5620,Roxana
5621,Roxane
5622,Roxann
5623,Roxanna
5624,Roxanne
5625,Roxie
5626,Roxy
5627,Roy
5628,Royal
5629,Royce
5630,Rozanne
5631,Rozella
5632,Rube
5633,Ruben
5634,Rubi
5635,Rubie
5636,Rubin
5637,Ruby
5638,Rubye
5639,Rudolf
5640,Rudolfo
5641,Rudolph
5642,Rudy
5643,Rueben
5644,Ruel
5645,Ruffin
5646,Ruffus
5647,Rufus
5648,Ruie
5649,Rupert
5650,Rush
5651,Russ
5652,Russel
5653,Russell
5654,Rustin
5655,Rusty
5656,Ruth
5657,Rutha
5658,Ruthann
5659,Ruthanne
5660,Ruthe
5661,Rutherford
5662,Ruthie
5663,Ryan
5664,Ryann
5665,Ryder
5666,Ryker
5667,Rylan
5668,Ryland
5669,Rylee
5670,Ryleigh
5671,Ryley
5672,Rylie
5673,Ryne
5674,Sabastian
5675,Sabina
5676,Sable
5677,Sabra
5678,Sabrina
5679,Sada
5680,Sade
5681,Sadie
5682,Sadye
5683,Sage
5684,Saige
5685,Saint
5686,Sal
5687,Salena
5688,Salina
5689,Sallie
5690,Sally
5691,Salma
5692,Salome
5693,Salomon
5694,Salvador
5695,Salvatore
5696,Sam
5697,Samantha
5698,Samara
5699,Samatha
5700,Samie
5701,Samir
5702,Samira
5703,Sammie
5704,Sammy
5705,Sampson
5706,Samson
5707,Samual
5708,Samuel
5709,Sanaa
5710,Sanai
5711,Sanders
5712,Sandi
5713,Sandie
5714,Sandra
5715,Sandy
5716,Sanford
5717,Saniya
5718,Saniyah
5719,Sanjuana
5720,Sanjuanita
5721,Sannie
5722,Santa
5723,Santana
5724,Santiago
5725,Santina
5726,Santino
5727,Santo
5728,Santos
5729,Sara
5730,Sarah
5731,Sarahi
5732,Sarai
5733,Sariah
5734,Sarina
5735,Sarita
5736,Sarrah
5737,Sasha
5738,Saul
5739,Saundra
5740,Savana
5741,Savanah
5742,Savanna
5743,Savannah
5744,Saverio
5745,Savilla
5746,Savion
5747,Savon
5748,Sawyer
5749,Scarlet
5750,Scarlett
5751,Schley
5752,Schuyler
5753,Scot
5754,Scott
5755,Scottie
5756,Scotty
5757,Seaborn
5758,Seamus
5759,Sean
5760,Sebastian
5761,Sebrina
5762,Sedrick
5763,Selah
5764,Seldon
5765,Selena
5766,Selene
5767,Selina
5768,Selma
5769,Selmer
5770,Semaj
5771,Sena
5772,Seneca
5773,Senora
5774,Serena
5775,Serenity
5776,Sergio
5777,Serina
5778,Seth
5779,Severo
5780,Severt
5781,Seward
5782,Seymour
5783,Shad
5784,Shade
5785,Shae
5786,Shafter
5787,Shaina
5788,Shakira
5789,Shalon
5790,Shalonda
5791,Shamar
5792,Shameka
5793,Shamika
5794,Shan
5795,Shana
5796,Shanae
5797,Shanda
5798,Shandra
5799,Shane
5800,Shaneka
5801,Shanell
5802,Shanelle
5803,Shanequa
5804,Shani
5805,Shania
5806,Shanice
5807,Shaniece
5808,Shanika
5809,Shaniqua
5810,Shanita
5811,Shaniya
5812,Shanna
5813,Shannan
5814,Shannen
5815,Shannon
5816,Shanon
5817,Shanta
5818,Shante
5819,Shantel
5820,Shantell
5821,Shaquan
5822,Shaquana
5823,Shaquille
5824,Shaquita
5825,Shara
5826,Shardae
5827,Sharday
5828,Sharde
5829,Sharee
5830,Sharen
5831,Shari
5832,Sharif
5833,Sharita
5834,Sharla
5835,Sharleen
5836,Sharlene
5837,Sharman
5838,Sharon
5839,Sharonda
5840,Sharron
5841,Sharyl
5842,Sharyn
5843,Shasta
5844,Shatara
5845,Shaun
5846,Shauna
5847,Shaunna
5848,Shavon
5849,Shavonne
5850,Shawanda
5851,Shawn
5852,Shawna
5853,Shawnda
5854,Shawnee
5855,Shawnna
5856,Shawnte
5857,Shay
5858,Shayla
5859,Shaylee
5860,Shayna
5861,Shayne
5862,Shea
5863,Shedrick
5864,Sheena
5865,Sheila
5866,Sheilah
5867,Shelba
5868,Shelbi
5869,Shelbie
5870,Shelby
5871,Sheldon
5872,Shelia
5873,Shelley
5874,Shelli
5875,Shellie
5876,Shelly
5877,Shelton
5878,Shelva
5879,Shelvia
5880,Shelvie
5881,Shemar
5882,Shena
5883,Shenna
5884,Shep
5885,Shepherd
5886,Sheree
5887,Sheri
5888,Sheridan
5889,Sherie
5890,Sherilyn
5891,Sherita
5892,Sherlyn
5893,Sherman
5894,Sheron
5895,Sherree
5896,Sherri
5897,Sherrie
5898,Sherrill
5899,Sherron
5900,Sherry
5901,Sherryl
5902,Sherwin
5903,Sherwood
5904,Sheryl
5905,Sheryll
5906,Sheyla
5907,Shianne
5908,Shiela
5909,Shiloh
5910,Shira
5911,Shirl
5912,Shirlee
5913,Shirleen
5914,Shirlene
5915,Shirley
5916,Shirleyann
5917,Shirlie
5918,Shoji
5919,Shon
5920,Shona
5921,Shonda
5922,Shonna
5923,Shreya
5924,Shyann
5925,Shyanne
5926,Shyheim
5927,Shyla
5928,Sibbie
5929,Sibyl
5930,Sid
5931,Siddie
5932,Sidney
5933,Sie
5934,Siena
5935,Sienna
5936,Sierra
5937,Sigmund
5938,Signa
5939,Signe
5940,Sigrid
5941,Sigurd
5942,Silas
5943,Silver
5944,Silvester
5945,Silvia
5946,Silvio
5947,Sim
5948,Simeon
5949,Simmie
5950,Simon
5951,Simona
5952,Simone
5953,Simpson
5954,Sina
5955,Sincere
5956,Sinda
5957,Sing
5958,Siobhan
5959,Sister
5960,Skip
5961,Sky
5962,Skye
5963,Skyla
5964,Skylar
5965,Skyler
5966,Slade
5967,Sloane
5968,Smith
5969,Socorro
5970,Sofia
5971,Sol
5972,Soledad
5973,Soloman
5974,Solomon
5975,Solon
5976,Somer
5977,Sommer
5978,Son
5979,Sondra
5980,Sonia
5981,Sonja
5982,Sonji
5983,Sonny
5984,Sonya
5985,Sophia
5986,Sophie
5987,Sophronia
5988,Soren
5989,Spencer
5990,Spenser
5991,Spring
5992,Spurgeon
5993,Squire
5994,Stacey
5995,Staci
5996,Stacia
5997,Stacie
5998,Stacy
5999,Stafford
6000,Stan
6001,Stanford
6002,Stanislaus
6003,Stanley
6004,Stanton
6005,Star
6006,Starla
6007,Starling
6008,Starr
6009,Stasia
6010,Stefan
6011,Stefani
6012,Stefanie
6013,Stella
6014,Stephaine
6015,Stephan
6016,Stephani
6017,Stephania
6018,Stephanie
6019,Stephany
6020,Stephen
6021,Stephenie
6022,Stephon
6023,Sterling
6024,Stetson
6025,Stevan
6026,Steve
6027,Steven
6028,Stevie
6029,Steward
6030,Stewart
6031,Stone
6032,Stonewall
6033,Stoney
6034,Storm
6035,Stormy
6036,Stuart
6037,Sudie
6038,Sue
6039,Suellen
6040,Sula
6041,Sullivan
6042,Summer
6043,Sumner
6044,Sunday
6045,Sunny
6046,Sunshine
6047,Susan
6048,Susana
6049,Susann
6050,Susanna
6051,Susannah
6052,Susanne
6053,Susie
6054,Sussie
6055,Suzan
6056,Suzann
6057,Suzanna
6058,Suzanne
6059,Suzette
6060,Suzie
6061,Suzy
6062,Sybil
6063,Sybilla
6064,Syble
6065,Sydell
6066,Sydnee
6067,Sydney
6068,Sydni
6069,Sydnie
6070,Syed
6071,Sylva
6072,Sylvan
6073,Sylvania
6074,Sylvanus
6075,Sylvester
6076,Sylvia
6077,Symone
6078,Syreeta
6079,Tab
6080,Tabatha
6081,Tabetha
6082,Tabitha
6083,Tad
6084,Taft
6085,Tahj
6086,Tai
6087,Taina
6088,Taj
6089,Taja
6090,Takisha
6091,Tal
6092,Talan
6093,Talen
6094,Talia
6095,Taliyah
6096,Tallie
6097,Talmadge
6098,Talmage
6099,Talon
6100,Tamala
6101,Tamara
6102,Tamatha
6103,Tambra
6104,Tameka
6105,Tamekia
6106,Tamela
6107,Tamera
6108,Tami
6109,Tamia
6110,Tamica
6111,Tamie
6112,Tamika
6113,Tamiko
6114,Tamisha
6115,Tammi
6116,Tammie
6117,Tammy
6118,Tamra
6119,Tamya
6120,Tana
6121,Tandy
6122,Tanesha
6123,Tangela
6124,Tania
6125,Tanika
6126,Tanisha
6127,Taniya
6128,Taniyah
6129,Tanja
6130,Tanner
6131,Tanya
6132,Tara
6133,Tarah
6134,Tari
6135,Tarik
6136,Tariq
6137,Tarsha
6138,Taryn
6139,Tasha
6140,Tashina
6141,Tasia
6142,Tate
6143,Tatia
6144,Tatiana
6145,Tatianna
6146,Tatsuo
6147,Tatum
6148,Tatyana
6149,Tatyanna
6150,Taurean
6151,Taurus
6152,Tavares
6153,Tavaris
6154,Tavian
6155,Tavion
6156,Tavon
6157,Tawana
6158,Tawanda
6159,Tawanna
6160,Tawny
6161,Tawnya
6162,Taya
6163,Tayla
6164,Tayler
6165,Taylor
6166,Tayshaun
6167,Tea
6168,Teagan
6169,Ted
6170,Teddie
6171,Teddy
6172,Teela
6173,Teena
6174,Tegan
6175,Tella
6176,Telly
6177,Tempie
6178,Tena
6179,Tenika
6180,Tenisha
6181,Tennessee
6182,Tennie
6183,Tennille
6184,Tera
6185,Terance
6186,Terell
6187,Terence
6188,Teresa
6189,Terese
6190,Teressa
6191,Teri
6192,Terra
6193,Terrance
6194,Terrell
6195,Terrence
6196,Terri
6197,Terrie
6198,Terrill
6199,Terry
6200,Tess
6201,Tessa
6202,Tessie
6203,Tevin
6204,Tex
6205,Texanna
6206,Texas
6207,Texie
6208,Thad
6209,Thaddeus
6210,Thalia
6211,Thea
6212,Theadore
6213,Theda
6214,Thedore
6215,Thekla
6216,Thelma
6217,Theo
6218,Theodis
6219,Theodocia
6220,Theodora
6221,Theodore
6222,Theodosia
6223,Theola
6224,Theophile
6225,Theresa
6226,Therese
6227,Theresia
6228,Therman
6229,Theron
6230,Theta
6231,Thomas
6232,Thomasina
6233,Thompson
6234,Thor
6235,Thora
6236,Thornton
6237,Thorwald
6238,Thos
6239,Thresa
6240,Thurlow
6241,Thurman
6242,Thursa
6243,Thurston
6244,Thyra
6245,Tia
6246,Tiana
6247,Tianna
6248,Tiara
6249,Tiarra
6250,Tiera
6251,Tierra
6252,Tiesha
6253,Tiffani
6254,Tiffanie
6255,Tiffany
6256,Tilda
6257,Tilden
6258,Tilla
6259,Tillie
6260,Tillman
6261,Tilman
6262,Tim
6263,Timmie
6264,Timmothy
6265,Timmy
6266,Timothy
6267,Tina
6268,Tiney
6269,Tinie
6270,Tinnie
6271,Tiny
6272,Tisa
6273,Tisha
6274,Tishie
6275,Tito
6276,Titus
6277,Tobe
6278,Tobi
6279,Tobias
6280,Tobie
6281,Tobin
6282,Toby
6283,Toccara
6284,Tod
6285,Todd
6286,Toivo
6287,Tolbert
6288,Tollie
6289,Tom
6290,Toma
6291,Tomas
6292,Tomasa
6293,Tomeka
6294,Tomie
6295,Tomika
6296,Tommie
6297,Tommy
6298,Tonda
6299,Toney
6300,Toni
6301,Tonia
6302,Tonja
6303,Tony
6304,Tonya
6305,Torey
6306,Tori
6307,Toriano
6308,Torie
6309,Torrance
6310,Torrence
6311,Torrey
6312,Torrie
6313,Torry
6314,Tory
6315,Tosha
6316,Toshiko
6317,Toshio
6318,Towanda
6319,Toy
6320,Toya
6321,Trace
6322,Tracee
6323,Tracey
6324,Traci
6325,Tracie
6326,Tracy
6327,Trae
6328,Travis
6329,Travon
6330,Trayvon
6331,Tre
6332,Treasure
6333,Treena
6334,Tremaine
6335,Tremayne
6336,Trena
6337,Trent
6338,Trenten
6339,Trenton
6340,Tresa
6341,Tressa
6342,Tressie
6343,Treva
6344,Trever
6345,Trevin
6346,Trevion
6347,Trevon
6348,Trevor
6349,Trey
6350,Treyton
6351,Treyvon
6352,Tricia
6353,Trilby
6354,Trina
6355,Trinidad
6356,Trinity
6357,Tripp
6358,Trish
6359,Trisha
6360,Trista
6361,Tristan
6362,Tristen
6363,Tristian
6364,Tristin
6365,Triston
6366,Troy
6367,Trudi
6368,Trudie
6369,Trudy
6370,True
6371,Trula
6372,Trumaine
6373,Truman
6374,Trystan
6375,Tuan
6376,Tucker
6377,Tula
6378,Turner
6379,Twila
6380,Twyla
6381,Ty
6382,Tye
6383,Tyesha
6384,Tyler
6385,Tylor
6386,Tyquan
6387,Tyra
6388,Tyree
6389,Tyreek
6390,Tyreese
6391,Tyrek
6392,Tyreke
6393,Tyrel
6394,Tyrell
6395,Tyrese
6396,Tyrik
6397,Tyrin
6398,Tyriq
6399,Tyrique
6400,Tyron
6401,Tyrone
6402,Tyrus
6403,Tyshawn
6404,Tyson
6405,Ula
6406,Ulises
6407,Ulysses
6408,Una
6409,Unique
6410,Unknown
6411,Unnamed
6412,Ura
6413,Urban
6414,Uriah
6415,Uriel
6416,Urijah
6417,Ursula
6418,Vada
6419,Val
6420,Valarie
6421,Valencia
6422,Valentin
6423,Valentina
6424,Valentine
6425,Valentino
6426,Valeria
6427,Valerie
6428,Valery
6429,Valinda
6430,Vallie
6431,Valorie
6432,Van
6433,Vance
6434,Vander
6435,Vanesa
6436,Vanessa
6437,Vannie
6438,Vara
6439,Vashon
6440,Vashti
6441,Vassie
6442,Vaughn
6443,Veda
6444,Vela
6445,Velda
6446,Velia
6447,Vella
6448,Velma
6449,Velva
6450,Velvet
6451,Vena
6452,Venessa
6453,Venice
6454,Venie
6455,Venita
6456,Vennie
6457,Venus
6458,Veola
6459,Vera
6460,Verda
6461,Verdell
6462,Verdie
6463,Vere
6464,Verena
6465,Vergie
6466,Vergil
6467,Verl
6468,Verla
6469,Verle
6470,Verlene
6471,Verlie
6472,Verlin
6473,Verlon
6474,Verlyn
6475,Vern
6476,Verna
6477,Vernal
6478,Verne
6479,Vernell
6480,Vernelle
6481,Verner
6482,Vernetta
6483,Vernia
6484,Vernice
6485,Vernie
6486,Vernita
6487,Vernon
6488,Verona
6489,Veronica
6490,Versa
6491,Versie
6492,Vertie
6493,Vessie
6494,Vesta
6495,Vester
6496,Veta
6497,Veva
6498,Vic
6499,Vicente
6500,Vicie
6501,Vick
6502,Vickey
6503,Vicki
6504,Vickie
6505,Vicky
6506,Victor
6507,Victoria
6508,Victoriano
6509,Victorine
6510,Victory
6511,Vicy
6512,Vida
6513,Vidal
6514,Vikki
6515,Villa
6516,Vilma
6517,Vina
6518,Vince
6519,Vincent
6520,Vincenza
6521,Vincenzo
6522,Viney
6523,Vinie
6524,Vinnie
6525,Vinson
6526,Vinton
6527,Viola
6528,Violet
6529,Violeta
6530,Violetta
6531,Violette
6532,Vira
6533,Virdie
6534,Virge
6535,Virgel
6536,Virgia
6537,Virgie
6538,Virgil
6539,Virginia
6540,Virgle
6541,Viridiana
6542,Vita
6543,Vito
6544,Viva
6545,Vivian
6546,Viviana
6547,Vivien
6548,Vivienne
6549,Vlasta
6550,Vollie
6551,Volney
6552,Von
6553,Vonda
6554,Vonetta
6555,Vonnie
6556,Wade
6557,Waino
6558,Waldemar
6559,Waldo
6560,Walker
6561,Wallace
6562,Wally
6563,Walt
6564,Walter
6565,Walton
6566,Wanda
6567,Waneta
6568,Wanita
6569,Ward
6570,Wardell
6571,Warner
6572,Warren
6573,Wash
6574,Washington
6575,Watson
6576,Watt
6577,Wava
6578,Waverly
6579,Wayde
6580,Wayland
6581,Waylon
6582,Wayman
6583,Waymon
6584,Wayne
6585,Weaver
6586,Webb
6587,Webster
6588,Weldon
6589,Wellington
6590,Wells
6591,Welton
6592,Wende
6593,Wendel
6594,Wendell
6595,Wendi
6596,Wendy
6597,Wenzel
6598,Werner
6599,Wes
6600,Wesley
6601,Wess
6602,West
6603,Westley
6604,Weston
6605,Wheeler
6606,Whit
6607,Whitley
6608,Whitney
6609,Wilber
6610,Wilbert
6611,Wilbur
6612,Wilburn
6613,Wilda
6614,Wiley
6615,Wilford
6616,Wilfred
6617,Wilfredo
6618,Wilfrid
6619,Wilhelm
6620,Wilhelmina
6621,Wilhelmine
6622,Wiliam
6623,Wilkie
6624,Will
6625,Willa
6626,Willaim
6627,Willam
6628,Willard
6629,Willene
6630,Willia
6631,William
6632,Williams
6633,Willian
6634,Williard
6635,Willie
6636,Williemae
6637,Willis
6638,Willodean
6639,Willow
6640,Willy
6641,Wilma
6642,Wilmer
6643,Wilson
6644,Wilton
6645,Windell
6646,Windy
6647,Winfield
6648,Winford
6649,Winfred
6650,Wing
6651,Winifred
6652,Winnie
6653,Winnifred
6654,Winona
6655,Winston
6656,Winter
6657,Winthrop
6658,Winton
6659,Wirt
6660,Wm
6661,Wong
6662,Wood
6663,Woodie
6664,Woodroe
6665,Woodrow
6666,Woodson
6667,Woody
6668,Worley
6669,Worth
6670,Wright
6671,Wyatt
6672,Wylie
6673,Wyman
6674,Wynona
6675,Xander
6676,Xavier
6677,Xena
6678,Ximena
6679,Xiomara
6680,Xzavier
6681,Yaakov
6682,Yadiel
6683,Yadira
6684,Yael
6685,Yahaira
6686,Yahir
6687,Yair
6688,Yajaira
6689,Yamilet
6690,Yamilex
6691,Yancy
6692,Yandel
6693,Yareli
6694,Yaretzi
6695,Yaritza
6696,Yasmeen
6697,Yasmin
6698,Yasmine
6699,Yazmin
6700,Yee
6701,Yehuda
6702,Yesenia
6703,Yessenia
6704,Yetta
6705,Yoel
6706,Yolanda
6707,Yolonda
6708,York
6709,Yosef
6710,Yoselin
6711,Yoshiko
6712,Yoshio
6713,Young
6714,Yuliana
6715,Yulisa
6716,Yulissa
6717,Yurem
6718,Yuridia
6719,Yusuf
6720,Yvette
6721,Yvonne
6722,Zachariah
6723,Zachary
6724,Zachery
6725,Zack
6726,Zackary
6727,Zackery
6728,Zada
6729,Zadie
6730,Zaid
6731,Zaida
6732,Zaiden
6733,Zain
6734,Zaire
6735,Zakary
6736,Zana
6737,Zander
6738,Zandra
6739,Zane
6740,Zaniyah
6741,Zara
6742,Zaria
6743,Zariah
6744,Zavier
6745,Zayden
6746,Zayne
6747,Zeb
6748,Zebulon
6749,Zechariah
6750,Zed
6751,Zeke
6752,Zela
6753,Zelda
6754,Zelia
6755,Zella
6756,Zelma
6757,Zelpha
6758,Zena
6759,Zenas
6760,Zeno
6761,Zenobia
6762,Zeta
6763,Zetta
6764,Zettie
6765,Zhane
6766,Zigmund
6767,Zillah
6768,Zilpah
6769,Zilpha
6770,Zina
6771,Zion
6772,Zita
6773,Zoa
6774,Zoe
6775,Zoey
6776,Zoie
6777,Zola
6778,Zollie
6779,Zona
6780,Zora
6781,Zula
